-- phpMyAdmin SQL Dump
-- version 4.6.6deb5
-- https://www.phpmyadmin.net/
--
-- Host: localhost:3306
-- Generation Time: Jan 07, 2020 at 03:27 PM
-- Server version: 5.7.28-0ubuntu0.18.04.4
-- PHP Version: 7.2.24-0ubuntu0.18.04.1

SET SQL_MODE = "NO_AUTO_VALUE_ON_ZERO";
SET time_zone = "+00:00";


/*!40101 SET @OLD_CHARACTER_SET_CLIENT=@@CHARACTER_SET_CLIENT */;
/*!40101 SET @OLD_CHARACTER_SET_RESULTS=@@CHARACTER_SET_RESULTS */;
/*!40101 SET @OLD_COLLATION_CONNECTION=@@COLLATION_CONNECTION */;
/*!40101 SET NAMES utf8mb4 */;

--
-- Database: `bloom`
--

-- --------------------------------------------------------

--
-- Table structure for table `bookings`
--

CREATE TABLE `bookings` (
  `id` bigint(20) UNSIGNED NOT NULL,
  `driver_id` int(11) NOT NULL,
  `rider_id` int(11) NOT NULL,
  `trip_id` int(11) NOT NULL,
  `status` int(11) NOT NULL DEFAULT '1',
  `created_at` timestamp NULL DEFAULT NULL,
  `updated_at` timestamp NULL DEFAULT NULL
) ENGINE=InnoDB DEFAULT CHARSET=utf8mb4 COLLATE=utf8mb4_unicode_ci;

--
-- Dumping data for table `bookings`
--

INSERT INTO `bookings` (`id`, `driver_id`, `rider_id`, `trip_id`, `status`, `created_at`, `updated_at`) VALUES
(1, 1, 4, 1, 3, '2019-12-06 14:52:51', '2019-12-07 06:52:06'),
(2, 1, 5, 2, 0, '2019-12-09 13:20:27', '2019-12-09 14:50:38'),
(3, 1, 8, 2, 0, '2019-12-09 13:22:30', '2019-12-09 14:56:21'),
(4, 1, 9, 2, 0, '2019-12-09 13:51:39', '2019-12-09 14:58:08'),
(5, 1, 15, 2, 0, '2019-12-09 14:10:37', '2019-12-09 14:55:33'),
(6, 1, 16, 2, 0, '2019-12-09 14:26:46', '2019-12-09 14:53:31'),
(7, 1, 17, 2, 0, '2019-12-09 14:38:58', '2019-12-09 14:50:56'),
(8, 1, 18, 2, 0, '2019-12-09 15:03:55', '2019-12-09 16:07:51'),
(9, 1, 5, 2, 3, '2019-12-09 16:17:36', '2019-12-09 16:19:51'),
(10, 1, 5, 3, 3, '2019-12-09 17:08:58', '2019-12-09 17:20:48'),
(11, 1, 18, 4, 3, '2019-12-09 17:25:55', '2019-12-09 17:26:20'),
(12, 1, 5, 5, 3, '2019-12-09 17:33:17', '2019-12-09 17:34:14'),
(13, 1, 5, 6, 3, '2019-12-09 17:52:00', '2019-12-09 17:58:46'),
(14, 1, 5, 7, 3, '2019-12-09 18:02:14', '2019-12-09 18:06:20'),
(15, 1, 5, 8, 3, '2019-12-09 18:08:42', '2019-12-09 18:09:13'),
(16, 1, 5, 9, 3, '2019-12-09 18:10:51', '2019-12-09 18:11:20'),
(17, 1, 5, 10, 3, '2019-12-09 22:18:39', '2019-12-10 06:08:34'),
(18, 1, 5, 11, 3, '2019-12-10 06:14:01', '2019-12-10 06:14:22'),
(19, 1, 5, 12, 3, '2019-12-10 06:21:31', '2019-12-10 06:24:45'),
(20, 1, 5, 13, 3, '2019-12-10 08:44:40', '2019-12-10 08:45:31'),
(21, 1, 5, 14, 3, '2019-12-10 08:48:17', '2019-12-10 08:48:28'),
(22, 1, 5, 15, 3, '2019-12-10 08:52:04', '2019-12-10 08:53:14'),
(23, 1, 5, 16, 0, '2019-12-10 08:58:44', '2019-12-10 09:02:56'),
(24, 1, 5, 16, 0, '2019-12-10 09:05:09', '2019-12-10 09:05:13'),
(25, 1, 5, 16, 0, '2019-12-10 09:07:11', '2019-12-10 09:07:26'),
(26, 1, 5, 16, 0, '2019-12-10 09:09:29', '2019-12-10 09:09:39'),
(27, 1, 5, 16, 0, '2019-12-10 09:40:20', '2019-12-10 09:40:24'),
(28, 1, 5, 16, 0, '2019-12-10 09:53:23', '2019-12-10 09:53:26'),
(29, 1, 5, 16, 0, '2019-12-10 09:58:42', '2019-12-10 09:58:50'),
(30, 1, 5, 17, 0, '2019-12-10 10:04:00', '2019-12-10 10:04:29'),
(31, 1, 5, 18, 0, '2019-12-10 10:04:57', '2019-12-10 10:05:01'),
(32, 1, 5, 19, 3, '2019-12-12 09:54:16', '2019-12-12 09:56:46'),
(33, 3, 1, 20, 3, '2019-12-12 10:31:34', '2019-12-12 10:36:05'),
(34, 1, 5, 21, 0, '2019-12-12 10:47:47', '2019-12-12 13:37:25'),
(35, 3, 14, 22, 3, '2019-12-12 13:32:29', '2019-12-12 13:41:47'),
(36, 3, 19, 22, 3, '2019-12-12 13:34:31', '2019-12-12 13:40:57'),
(37, 3, 5, 22, 3, '2019-12-12 13:37:52', '2019-12-12 13:40:18');

-- --------------------------------------------------------

--
-- Table structure for table `migrations`
--

CREATE TABLE `migrations` (
  `id` int(10) UNSIGNED NOT NULL,
  `migration` varchar(191) COLLATE utf8mb4_unicode_ci NOT NULL,
  `batch` int(11) NOT NULL
) ENGINE=InnoDB DEFAULT CHARSET=utf8mb4 COLLATE=utf8mb4_unicode_ci;

--
-- Dumping data for table `migrations`
--

INSERT INTO `migrations` (`id`, `migration`, `batch`) VALUES
(54, '2014_10_12_000000_create_users_table', 1),
(55, '2014_10_12_100000_create_password_resets_table', 1),
(56, '2019_10_11_090357_create_trusted_contacts_table', 1),
(57, '2019_10_11_090424_create_trip_requests_table', 1),
(58, '2019_10_11_090445_create_user_documents_table', 1),
(59, '2019_10_11_093620_create_tokens_table', 1),
(60, '2019_10_16_150747_create_notifications_table', 1),
(61, '2019_10_16_150800_create_push_ids_table', 1),
(62, '2019_11_02_203709_create_trips_table', 1),
(63, '2019_11_02_204654_create_bookings_table', 1),
(64, '2019_11_02_213207_create_vehicles_table', 1),
(65, '2019_11_16_105102_create_trip_ratings_table', 1),
(66, '2019_12_01_132637_create_subscriptions_table', 1),
(67, '2019_12_01_132718_create_packages_table', 1);

-- --------------------------------------------------------

--
-- Table structure for table `notifications`
--

CREATE TABLE `notifications` (
  `id` bigint(20) UNSIGNED NOT NULL,
  `user_id` int(11) NOT NULL,
  `channel` varchar(5) COLLATE utf8mb4_unicode_ci NOT NULL,
  `title` varchar(50) COLLATE utf8mb4_unicode_ci NOT NULL,
  `message` varchar(200) COLLATE utf8mb4_unicode_ci NOT NULL,
  `priority` int(11) NOT NULL,
  `status` int(11) NOT NULL DEFAULT '0',
  `created_at` timestamp NULL DEFAULT NULL,
  `updated_at` timestamp NULL DEFAULT NULL
) ENGINE=InnoDB DEFAULT CHARSET=utf8mb4 COLLATE=utf8mb4_unicode_ci;

-- --------------------------------------------------------

--
-- Table structure for table `packages`
--

CREATE TABLE `packages` (
  `id` bigint(20) UNSIGNED NOT NULL,
  `title` varchar(50) COLLATE utf8mb4_unicode_ci NOT NULL,
  `price` decimal(12,2) NOT NULL,
  `duration` int(11) NOT NULL,
  `discount` int(11) NOT NULL DEFAULT '0',
  `status` int(11) NOT NULL DEFAULT '1',
  `created_at` timestamp NULL DEFAULT NULL,
  `updated_at` timestamp NULL DEFAULT NULL
) ENGINE=InnoDB DEFAULT CHARSET=utf8mb4 COLLATE=utf8mb4_unicode_ci;

--
-- Dumping data for table `packages`
--

INSERT INTO `packages` (`id`, `title`, `price`, `duration`, `discount`, `status`, `created_at`, `updated_at`) VALUES
(1, 'Basic', '1000.00', 1, 0, 1, '2019-12-02 23:00:00', '2019-12-02 23:00:00'),
(2, 'Silver', '3000.00', 3, 0, 1, '2019-12-02 23:00:00', '2019-12-02 23:00:00'),
(3, 'Gold', '5000.00', 6, 0, 1, '2019-12-02 23:00:00', '2019-12-02 23:00:00'),
(4, 'Platinum', '10000.00', 12, 0, 1, '2019-12-02 23:00:00', '2019-12-02 23:00:00');

-- --------------------------------------------------------

--
-- Table structure for table `password_resets`
--

CREATE TABLE `password_resets` (
  `email` varchar(191) COLLATE utf8mb4_unicode_ci NOT NULL,
  `token` varchar(191) COLLATE utf8mb4_unicode_ci NOT NULL,
  `created_at` timestamp NULL DEFAULT NULL
) ENGINE=InnoDB DEFAULT CHARSET=utf8mb4 COLLATE=utf8mb4_unicode_ci;

-- --------------------------------------------------------

--
-- Table structure for table `push_ids`
--

CREATE TABLE `push_ids` (
  `id` bigint(20) UNSIGNED NOT NULL,
  `user_id` int(11) NOT NULL,
  `device_id` varchar(256) COLLATE utf8mb4_unicode_ci NOT NULL,
  `status` int(11) NOT NULL DEFAULT '1',
  `created_at` timestamp NULL DEFAULT NULL,
  `updated_at` timestamp NULL DEFAULT NULL
) ENGINE=InnoDB DEFAULT CHARSET=utf8mb4 COLLATE=utf8mb4_unicode_ci;

--
-- Dumping data for table `push_ids`
--

INSERT INTO `push_ids` (`id`, `user_id`, `device_id`, `status`, `created_at`, `updated_at`) VALUES
(1, 1, 'd6I71MhiXjs:APA91bGG-DINe3KFttkusHlmPEj3s9d3bxK30m1oiVNbRI8NLfyzvw6fGyOwyC-N_a3f9msgL1w2NppidgkvoimWa_qWAol2b0dgd22TcnE2XvR8o8gLgYxQ9m8-_Ffgwas_R0j-Noo3', 1, '2019-12-02 11:01:28', '2019-12-02 11:01:28'),
(2, 4, 'fYvIJ-Ze5Vc:APA91bEuimthPRdHy_3MMFt5Db6EvORqr-6G39M6G-LLo7NHa86JjSXx8I9vVXr_3lwRDQce6IgMwLdfSluNYiWBIkCDrK1yo7ZDKQvIBEU9j-GLIh4WeTuS4pm2enRR0w2zKyYEqARM', 1, '2019-12-06 14:40:08', '2019-12-06 14:40:08'),
(3, 5, 'cCXeXIdnpqA:APA91bF10szv_BS55vHmUWVwgm-SV5T-4RMz2w1n3YP_4BRlMJbYIaadyMKE6p87V9fq3QnobIFnCg5VKDWxcHe5N48f9wFxcjXPbAKMjAARQsNXf0qmL2vl4S_MKwG1QnsbTcbfLVIU', 1, '2019-12-06 22:15:50', '2019-12-06 22:15:50'),
(4, 5, 'd8LmsElrw5k:APA91bGnYtGBD2-RW1_SgtcQ6lAW5EsLAH4ICklXgj8FV3hh8g2AAQQ4ytT3AP9PoZV6CDUTuNbWpHp3JNbuWA809IE6-GfqxQ0BFhyhFSs8V4G7ZoySbuZQvTe_mDRfykxua9Mw7VuN', 1, '2019-12-06 22:46:51', '2019-12-06 22:46:51'),
(5, 5, 'fbLAdMA5sP4:APA91bGHH8PCMXKzhNSgV8eQrUGf3-gb2veH9klsO7ubObjIv9o7S8uxBuY_M2x3fTPUg3EInVgLVH0Yw0aRv2QrkaWYVf_8p7N2AslHrbArF7KDGubzP81NliYwup2j9yPHQB6yzkmx', 1, '2019-12-06 23:55:41', '2019-12-06 23:55:41'),
(6, 6, 'fbLAdMA5sP4:APA91bGHH8PCMXKzhNSgV8eQrUGf3-gb2veH9klsO7ubObjIv9o7S8uxBuY_M2x3fTPUg3EInVgLVH0Yw0aRv2QrkaWYVf_8p7N2AslHrbArF7KDGubzP81NliYwup2j9yPHQB6yzkmx', 1, '2019-12-07 00:15:54', '2019-12-07 00:15:54'),
(7, 7, 'fbLAdMA5sP4:APA91bGHH8PCMXKzhNSgV8eQrUGf3-gb2veH9klsO7ubObjIv9o7S8uxBuY_M2x3fTPUg3EInVgLVH0Yw0aRv2QrkaWYVf_8p7N2AslHrbArF7KDGubzP81NliYwup2j9yPHQB6yzkmx', 1, '2019-12-07 00:22:51', '2019-12-07 00:22:51'),
(8, 5, 'cbRwi60XdXc:APA91bFO5UFftOu3W6rDtUZzif3paB7_3OoILy1o-cwnZVUivjN45zkt0IMIWy9aKqVLjS0AfQzec427GjQzp-2HnUvJsNhHIuvOd51luoqdV5vUspMZvex3R7Z-kkrXB5y8wmaJ7iCX', 1, '2019-12-07 02:35:43', '2019-12-07 02:35:43'),
(9, 5, 'cdjyCn6gJn0:APA91bF4JZHEvG1IXmWEKunuXF-IC3EVoG8OPMEyA_7iiSFOsZbpbVvUjPUWxBDW17GCUUER0yVN1bhZU4e7Ce54veiTgj3VpdRBnFfTuJbsCkDtjCVEFPGcsbMN_2AK2vjTDZQeh3rJ', 1, '2019-12-09 11:31:07', '2019-12-09 11:31:07'),
(10, 5, 'f25ScbrtX_o:APA91bFuR7l8fM0jNmc9zuqhnG0MB_pQ4-CzTdO9cIlc2F1iyj9XRTe5UID8Of4Xam6ynAEDW2k786d99fQo95cmKGphRdBjQ6f1WAYbltykyqOXDOAWD-FBS08ubArJrIegKCPc4LsN', 1, '2019-12-09 11:43:07', '2019-12-09 11:43:07'),
(11, 8, 'f25ScbrtX_o:APA91bFuR7l8fM0jNmc9zuqhnG0MB_pQ4-CzTdO9cIlc2F1iyj9XRTe5UID8Of4Xam6ynAEDW2k786d99fQo95cmKGphRdBjQ6f1WAYbltykyqOXDOAWD-FBS08ubArJrIegKCPc4LsN', 1, '2019-12-09 11:47:37', '2019-12-09 11:47:37'),
(12, 5, 'dRf2s3QNMW4:APA91bFhRiwq1IOyvsaRxyITmuu80Gf3XgLx_98RwRTcKq38MMY2-NLjqj3OYmlwTmg0wVeBiTbT00p8WMHQE6MTeBhy0mCoyqzkUn2o6krwlSlGtTHcSz107rYpoYZjt7MLYF-2mf0q', 1, '2019-12-09 13:18:41', '2019-12-09 13:18:41'),
(13, 8, 'dRf2s3QNMW4:APA91bFhRiwq1IOyvsaRxyITmuu80Gf3XgLx_98RwRTcKq38MMY2-NLjqj3OYmlwTmg0wVeBiTbT00p8WMHQE6MTeBhy0mCoyqzkUn2o6krwlSlGtTHcSz107rYpoYZjt7MLYF-2mf0q', 1, '2019-12-09 13:22:12', '2019-12-09 13:22:12'),
(14, 9, 'fmSTkAcposg:APA91bEgjotbg5UPyPWWR8YANcyXTufvYa99yDzPd1G5wV2yBBLnukRSkEA5-MUMppllivyaLvXw2GZNZbWMgT3FYXl7fs5BruwelvKYY0DU6qpHBWiyEBF5KovOH3hdELIZNxLq1mqS', 1, '2019-12-09 13:31:19', '2019-12-09 13:31:19'),
(15, 5, 'fmSTkAcposg:APA91bEgjotbg5UPyPWWR8YANcyXTufvYa99yDzPd1G5wV2yBBLnukRSkEA5-MUMppllivyaLvXw2GZNZbWMgT3FYXl7fs5BruwelvKYY0DU6qpHBWiyEBF5KovOH3hdELIZNxLq1mqS', 1, '2019-12-09 13:34:05', '2019-12-09 13:34:05'),
(16, 11, 'cYjT3T5O5r4:APA91bHtm4LQOBAmAYUIfWcMidoVh5SG9hN1EPT7flG53omdRWRR5MFctJbqjd3px5NZ4k57KX3r-5MMX0TE0rwnnszKgNzazgNun_-r6PQK1ZE4YSMiGAssGZ28UUyUVayXOfxBpxHk', 1, '2019-12-09 13:41:02', '2019-12-09 13:41:02'),
(17, 9, 'cSi5reV0dBw:APA91bFBWqN8-d4TOeGe28I52ZdXsHL45qdZIZTaTPc8_kwt3VFnikqZ2cOZJZk87XSmOKhwQlZLCf-7Ho5y6KextzsIQ2OahfMpUYkZ0SM8k22I6Zdt7r6yOMFV61XM9Uhr3mTsJl06', 1, '2019-12-09 13:46:47', '2019-12-09 13:46:47'),
(18, 9, 'f6eu7VqpkcA:APA91bFL7V-K9R9IQi3UB6K7B6m4ZZZLH_GuPiXUPTIz8N6iaPpy9-YZvWLFJNscZ9u3bEZvpwpry9IsWSxzGc3n88u5zbhunIskGXP1dnZ6T9SwRGnpMG9h1yOsTmW7Sx1bxIwTradw', 1, '2019-12-09 13:50:21', '2019-12-09 13:50:21'),
(19, 15, 'doc77FvME-M:APA91bGadqTO28g8mHywy-1NoQ6mQrijKSvCxOdOIZg78dXXou2iLmTbazxQEzgtu2F5uJYLRrqbcgN3B6EPd55szU21MjboBXwZiAki_YraHmEJ3ljgJjOQrpOhPcvX6r5K4nkyY4sr', 1, '2019-12-09 14:04:00', '2019-12-09 14:04:00'),
(20, 15, 'fqXtM542Q9Y:APA91bHaLlgeLKaNcmuHJ8PjKCT5PgpawXUZs-D2GGWiVaJFtGw0TBROT8QZ8UZy9ze-t4I0UHU_uhAB2V3C_BBqsK8tvpJKt6neU_YTFTPMOHjaXJqbW5i8O1SrzP1mwY-60fbRyNL6', 1, '2019-12-09 14:07:12', '2019-12-09 14:07:12'),
(21, 16, 'evzSlnTDBm0:APA91bHAqmMQQZocHg9cZZfR0iyhCjCC_aKP4Za6tttaRb8NIsdcxg-zSRTCWnKVuemz0k-hO7d5eW95TuMJ25pvNedzdNvWWP7q5lok_qgxaiw3tLc3yUxQRHZsP4WyUt_tx-c__lWg', 1, '2019-12-09 14:21:00', '2019-12-09 14:21:00'),
(22, 16, 'dV10u9_XcIw:APA91bEVNP1bwrucQqkI6GD2td5YJRxghSWXWZPd7eZD1q_wYxu9KDo6lXcBFEYr8AokHl12P8sPorfWQD6isAYLS_H0SkoOtHxv7Uo7MEj5U5RZtLaN1Tj0rNeag3Rb5xjJYz8pfsSN', 1, '2019-12-09 14:23:21', '2019-12-09 14:23:21'),
(23, 17, 'e6uKe0SUNtM:APA91bHAnhnD-VJDoozaTt6roJ9tpC-TOJdAKtiva9lKBUhQQ29FgfLqtKsf8IywivjMwfwODI5J2ocu0CG79MaiGg_boUPjK6pg_NJP9xPuOUHROuQO7WQYTSvYnbZhIiEugjtSHNHH', 1, '2019-12-09 14:35:28', '2019-12-09 14:35:28'),
(24, 17, 'cQsjBqs7wGE:APA91bFpIByWjpNsfxR4u07CiLiEdMoo799K8NuYDDLGe2y5CbS85Z9RCQOgWruIbF20THG7EjItKZQ_z_yRXZcENPmKAFt3SgyQ23VqmzIT1wLlc48mPxSzUev9gTlSPidlFi2FRVcK', 1, '2019-12-09 14:38:22', '2019-12-09 14:38:22'),
(25, 17, 'cma0XrE87Ng:APA91bFL1OCEEvMJSJtf50s9dycYXqn8_Qoi47tvkMz2Fz68S0Kklgi6WU73wzDrYqV4cn6EFYlfkQlONlIHHV3EruJJ6-vwlJl_WH828uD8-SVAw_jO9KwgPwAh_ZVMAowDrx6GpH1-', 1, '2019-12-09 14:49:33', '2019-12-09 14:49:33'),
(26, 18, 'fW3onOraX6k:APA91bFZgE_8jlYGPVx6D7CNlobX5jXTB8h43qR2hRNdSmv0LiwX0t0bNtc-YGY7PsUsEPc8Fy_vskjgMiE_1sCRqfya1Aw8YeaiEQ_6iu4QXCjX1Y2e2nrtXvqTUzvfQMHE-eXxT5-8', 1, '2019-12-09 14:59:35', '2019-12-09 14:59:35'),
(27, 18, 'dCh3-Q3XFeA:APA91bGfygBrdwhN97PRCyhosM9lToCuR7tLD8f2w-XsR8x4qja37SiFPF0f_miYAJ-epgQQIxXGVulUoz4skmFqjLsr5M05CILI-GD2dwBrQ-0FcoKY9czNi8Z4y_SVJUXkgsLbHZf2', 1, '2019-12-09 15:03:22', '2019-12-09 15:03:22'),
(28, 18, 'd-cP4oNafxA:APA91bFTKg2G7a0TVZJC9nj9z9Dxhwd72CCpL44ZETqsdvn3TFIli1llySUOf438krZDFvtlZylBrRZy0f6p852U2a9XAhN9TYP1eorRFfpe1x_yzKHVA9kkkgRNQjyKjS-wisSte7z4', 1, '2019-12-09 15:10:26', '2019-12-09 15:10:26'),
(29, 5, 'fNNKXchG2o8:APA91bEST1-bWLZVvKDaBWLU6wcngdLYHWY2tGL1iCoNYRTmDvdUZ-erbUyZgbzh2GuCU5hDylxIY2WMbR-GEhMd4fn1Te_OaVYrYy5U4SR6kdGL8Dh_7v6rY5xkB_PjTgLKxzySi-m4', 1, '2019-12-09 16:15:40', '2019-12-09 16:15:40'),
(30, 5, 'cVcwGBSoye4:APA91bFpiP1XE3RCgG2ncGwfzc4Z5IfU8dGypbtPwfHUzzZhaMtl79QFRe2KJudkiem4aKzbTgxUi69V5N5JUn0D_wQf4OgJB6T6sw2I3fWiU4GCzrxwv1b81abL0qI0ePDQwtEKMAmj', 1, '2019-12-09 16:17:03', '2019-12-09 16:17:03'),
(31, 5, 'dybrx7sNsL4:APA91bESOeA49AjxiZBRs2rS-zpn7INlEffSZjyh8xzJq3nz1wZsfYeaxo9IPhTPFi3VogaAwK_Uu7mP5schTzy61qd_H8eLGdSYssNVfHaOH8eC-EA8YR1TOF_Z6gRaw2gRD7Qz9CRi', 1, '2019-12-09 16:25:03', '2019-12-09 16:25:03'),
(32, 5, 'cV9dplRwrdY:APA91bFAzZFJSXdkmY_8tkq67cdSBj2Ikhq4p5-uj58OI6iZ4-dQwh2xDknh43tGpmWhOgvwgCpjJpZMcKvpRzRH5dG2_UIhtc8rw6aIgwEq2rSrQNbeKa3Rj48PaxiYIrOV3KFP00uP', 1, '2019-12-09 16:29:11', '2019-12-09 16:29:11'),
(33, 5, 'eJYwPszdixQ:APA91bGZx2ZDepXuNPXHEX-cHt9gn8ke4ejS6ec6gOf4eUCj-uUpqvKEMrVtdy_hKIIgn_8d4k2l20sd_pQuVvOV09XBfaUKqt5z0NuAP0vcQyxQBwYhm9Aoj2vFekjgroCmmQCOk0PS', 1, '2019-12-09 16:39:23', '2019-12-09 16:39:23'),
(34, 5, 'fk9NtqHzJLE:APA91bHaA96SAUX37EeYh7xR1wEiU5ISkqEJw8CfBqITSiFDVFPBUHH6CBrbAdnexPmbdDyGZ7UQeYuRzwd6T8jt-NJ21sKbXzI4lP3oXJZ2sD7Df4NO55NrX58NiWsmrjRdT6KTpuNH', 1, '2019-12-09 16:48:54', '2019-12-09 16:48:54'),
(35, 5, 'cEwVWnC2kcg:APA91bG-005Gul-LZSd7Om5tqmodu8yezK3GDWcmg9f-qiIYR0j70DWv9PR__xx711reFWG_mJtVxn39Id2zTZCACg7UZql0tjUoEThyhRg2pS0C18Cc2iKm-BB2ozGj688KM8nZAhwM', 1, '2019-12-09 17:01:53', '2019-12-09 17:01:53'),
(36, 5, 'fzLwEdIfPlM:APA91bFaOJrG9cxX85X3CGRdqJNMpYpNAEfMHBtWdyJO6KBz0C0jGLxqIYXoD1YE5x0GWv1TFtJKyNKPDqbKPtwO8g9n_8hGBEg7r7xeDlCqYB_-b8h9nIuFfbxwtkxNRmeISI0wKJgz', 1, '2019-12-09 17:06:29', '2019-12-09 17:06:29'),
(37, 5, 'ctH-qHUDsFE:APA91bHkhMHCdS5NvmJAvQOuhGTANQIsP3o3Ty5WAAt3inBhpyMM3lmP5HV4km3faZQi32cNpreYEiBaMh3E4WlIopg_TLcqco01ebT0KBukmoSrs9R-UHV5PoELnHzvEhQrt6dg_NGu', 1, '2019-12-09 17:25:51', '2019-12-09 17:25:51'),
(38, 5, 'dzb6ZVe0yR0:APA91bHwWcZoMX1moRXr-PcsZ2lnUwlLw9mygMGh59L8oUoMqkjyvKjNPu-Uo4LTybLILHn8pFGj9ays7ZMtxPvVZndvt0GRYytdE5K5aQ7phnEVNmuUbJXixaC4i9OREKoDjX672-HJ', 1, '2019-12-10 05:07:31', '2019-12-10 05:07:31'),
(39, 5, 'fSVaNzhjsHI:APA91bHUk8EG0fmU2bktH54LLSLBf8lp6q35ODMEAf_LDysu488VFSPGJaYMt2sORf5KmihHIEkawOZpXKEt-DoKATa-4-8ESPWwCciEB7ENJmaCP9z7OlMCPNVbIsKV9BG3OkdhONdT', 1, '2019-12-10 06:09:14', '2019-12-10 06:09:14'),
(40, 5, 'cHAW3MXjlHw:APA91bHLJBxvX3Ws5vC64gQE6f9SeBebJAcqY7JdpLiizLaNa9YLWViJdtaeb37bF1T95ohIgutjX3HRohfm4oCBISKEJYGMpooaDF6fb9CAhJCvsOBRFMfoVDWxquarpC3-ISU0zP3W', 1, '2019-12-10 06:19:58', '2019-12-10 06:19:58'),
(41, 5, 'dekOGx0C8xE:APA91bH6J0_l5IV7PRU8r1v6-t4N7ZtYz4yK0jVx0hcsEnNdhaCy45DDe7r2BUKHTbyR_9oB5h4Tkn9fcPlSJXgf-zmxCsOSTY_bcvnvwa0czSMcsR7ahdQbki3CLAzBaxbvGtGf1tSB', 1, '2019-12-12 09:53:08', '2019-12-12 09:53:08'),
(42, 14, 'dWmzIBketh4:APA91bHMdnXXxSK9vT4pkfakxQi6UAxY0J2fAPixtLg6dWt-PNL5LIPPlGIOmWshR8N-SpTj9qbzaBraoLV20y6gh2La1FGnLp0BAzNGW46_Her5ibwhWD9Chfbpv4uaXnSJy7HgpGbG', 1, '2019-12-12 11:27:07', '2019-12-12 11:27:07'),
(43, 5, 'f9PdS5EABCY:APA91bHAy1UYl7g42Iqs7vLnXt9dRHcXuU25MJAe1lXTa-Ul3_jf3jzV2KnIMelGcQMrxFWhURCKAUB7GkTh8CxJ6gPnXIZL9EXYdBy54OSIyqObckWdJ4YfMlIeyH2LmET12Kr230JC', 1, '2019-12-12 13:39:26', '2019-12-12 13:39:26'),
(44, 23, 'eHev0rxFRmg:APA91bEnaG0THLq7qPtAA9pQm_P-fCjqlPCxQHC9N-DrY_vb7as5eNdaqN_bbI6HrgqL9Cqg51wDmKsz_1jrlvbz-dZKXvr7T9N8SXEfbWDd08IJ2eQ0rdLJjabqeYAmE_zi8Yh39Zxq', 1, '2019-12-12 16:08:12', '2019-12-12 16:08:12'),
(45, 1, 'cCXNAgaIwLA:APA91bE6o0IkCtJ9tr7-STgvUUPdoBw-GNHEej0BwOU-UN1FoYQvIJzpFc8KF8LvfxQZG376AA4XWXk1wwSsDNRe3g6CIuZav9FN3sNvNTzuWbGK5Md_FIY5R3ytFNTNKlFzrGVWuVLh', 1, '2019-12-12 18:36:54', '2019-12-12 18:36:54'),
(46, 1, 'fVwppZF8KkI:APA91bHSak9403I0rK6fTcqwAufrVqT_eE2_r-BiHvNZhLqndklKaj0x1M6oy7BUDbGRPj5NXhjYfFJv2gnShJMUDlsFQ3AT35_yPhOpeT_fUvVTdr3MccUg-hy63no-voaLASTMAHTQ', 1, '2019-12-12 18:42:07', '2019-12-12 18:42:07'),
(47, 1, 'eHfdOYCaZyI:APA91bHdOYjJQZNlgstfSRU5fgbOZgV-WrcNV3pYDntqR6QbJ3JZMXfeAP9H16Gai-z3L5PgpGm78bud00A4MtmW6AKKK5zdFdUpANE3-0thbJgVvKItmGqmqQupryxbjEUMabGuWWag', 1, '2019-12-13 21:06:08', '2019-12-13 21:06:08'),
(48, 33, 'epPWlPEOaZs:APA91bE6Y5GQ56sq8Vo9imCReCDrlbTEauqnv4TkKgBnY-1ysNi7EQxLSxXOcz8hx0nW6XOM2RWy-RyWTioKOXfgBqTeMDTP9uBoPfpSqVydifpbvyvA_NxdOtdVGV1w7qJgnVbCRr-f', 1, '2019-12-16 14:32:05', '2019-12-16 14:32:05'),
(49, 3, 'fpB02YPn09Q:APA91bF58RgZbxrpigHDTB5jllqfpkuWp0Bv3ctQdi7HfbZf7JfKrwDvzXX8NPaQ1cY1Ep4jpiCbIyU6aAOaEgwPx6kFjJk6vvyAsgW7A8lN3CPFeaIVZXjs31QqDJ5h6bQ27oIDVZkx', 1, '2019-12-19 07:25:29', '2019-12-19 07:25:29'),
(50, 39, 'fbO9DbMetjs:APA91bGl2cXNcUggZLKrICoL3jdZHWc3FqD4OCVUbLR8eB50Sszt1V4uW6vH_wSh6DjpvB2wh7Q4085Pf1Dp5G9KUiSJ5NIICTJWI2G5ciI1EelJw_iwk7Avgop9tna0NSQrVlRUoIcq', 1, '2019-12-19 11:30:52', '2019-12-19 11:30:52'),
(51, 42, 'd4yXqhD2pss:APA91bFOtHWHimxZmRTZLRbamNwGBMWQEshwFzEXo4mAUi_X1CGm-08sT37bkFOi05BLKfoiHal9c_JSipydeSVaP3lYA6M5d5T5jjm8ry-u3HqMaRVe7xRk_Nn0hwp6H5zCJdbYZfop', 1, '2019-12-19 12:05:21', '2019-12-19 12:05:21'),
(52, 12, 'e78-al-O6PQ:APA91bHVq9r5dUdIPFKyDDmKaWaQjpShF8ZTxz_QOvSKC56bFkSbaCZKmBJVj22eDhVmEcZ5AHnosi0YCsXMDlNoDMuuqkvDlN4u9OMx6Z-JTmp4j3omx_QkTLbSXN9vCjIr4MfbSBuJ', 1, '2019-12-19 18:40:36', '2019-12-19 18:40:36'),
(53, 43, 'dQu9jX75xVo:APA91bHBmXNz9Eyox_y5ZLixJ511bFhFt-9rABldeZRsrtzpBvFG7GM5ysTDRYQ0pDwR8ekukE6CSC7MzkYF6-gYPG4HqtsSFPY8pio4T6OnbAVMlL178k0116xJZJ0F-4UcVwUAIGRi', 1, '2019-12-21 18:36:28', '2019-12-21 18:36:28'),
(54, 45, 'dmV3KNHBHFQ:APA91bFuvb-D0S57FyA4uCdyae3ZbJJ80YSK1TCQuSJcJiemhKr1dL9XIhxWz6YMP4ykoJ6qmSduyedI_h_01sFw4RFMcUYcQBQUi8vDLUUoujuaNPQlfqQNjxvTymWr7ynO8WkJUEyc', 1, '2020-01-06 17:07:32', '2020-01-06 17:07:32');

-- --------------------------------------------------------

--
-- Table structure for table `subscriptions`
--

CREATE TABLE `subscriptions` (
  `id` bigint(20) UNSIGNED NOT NULL,
  `user_id` int(11) NOT NULL,
  `package_id` int(11) NOT NULL,
  `price_paid` decimal(12,2) NOT NULL,
  `reference_no` varchar(256) COLLATE utf8mb4_unicode_ci NOT NULL,
  `mode_of_payment` varchar(191) COLLATE utf8mb4_unicode_ci NOT NULL,
  `is_active` tinyint(1) NOT NULL,
  `expires_at` date NOT NULL,
  `created_at` timestamp NULL DEFAULT NULL,
  `updated_at` timestamp NULL DEFAULT NULL
) ENGINE=InnoDB DEFAULT CHARSET=utf8mb4 COLLATE=utf8mb4_unicode_ci;

--
-- Dumping data for table `subscriptions`
--

INSERT INTO `subscriptions` (`id`, `user_id`, `package_id`, `price_paid`, `reference_no`, `mode_of_payment`, `is_active`, `expires_at`, `created_at`, `updated_at`) VALUES
(1, 1, 1, '500000.00', 'ChargedFromiOS_1576075883100', 'card', 0, '2020-01-11', '2019-12-11 14:51:47', '2019-12-11 15:37:15'),
(2, 1, 1, '500000.00', 'ChargedFromiOS_1576078496840', 'card', 0, '2020-01-11', '2019-12-11 15:35:21', '2019-12-11 15:37:15'),
(3, 1, 1, '3000.00', 'ChargedFromiOS_1576078607842', 'card', 1, '2020-01-11', '2019-12-11 15:37:15', '2019-12-11 15:37:15'),
(4, 3, 1, '100.00', 'ChargedFromAndroid_1576157335394', 'card', 1, '2020-01-12', '2019-12-12 13:30:31', '2019-12-12 13:30:31');

-- --------------------------------------------------------

--
-- Table structure for table `tokens`
--

CREATE TABLE `tokens` (
  `id` bigint(20) UNSIGNED NOT NULL,
  `phone` varchar(25) COLLATE utf8mb4_unicode_ci NOT NULL,
  `token` varchar(10) COLLATE utf8mb4_unicode_ci NOT NULL,
  `status` int(11) NOT NULL DEFAULT '0',
  `created_at` timestamp NULL DEFAULT NULL,
  `updated_at` timestamp NULL DEFAULT NULL
) ENGINE=InnoDB DEFAULT CHARSET=utf8mb4 COLLATE=utf8mb4_unicode_ci;

--
-- Dumping data for table `tokens`
--

INSERT INTO `tokens` (`id`, `phone`, `token`, `status`, `created_at`, `updated_at`) VALUES
(1, '+2348084049966', '777702', 1, '2019-12-02 06:41:08', '2019-12-13 21:05:55'),
(2, '+2348084049966', '215514', 1, '2019-12-02 08:45:16', '2019-12-13 21:05:55'),
(3, '+234', '518296', 1, '2019-12-02 09:51:08', '2019-12-09 13:37:29'),
(4, '+2348084049966', '701036', 1, '2019-12-02 10:01:28', '2019-12-13 21:05:55'),
(5, '+2348084049966', '396411', 1, '2019-12-02 10:59:25', '2019-12-13 21:05:55'),
(6, '+2349099686991', '140356', 1, '2019-12-06 14:28:34', '2020-01-06 10:22:49'),
(7, '+2349099686991', '310628', 1, '2019-12-06 14:29:29', '2020-01-06 10:22:49'),
(8, '+2349099686991', '122979', 1, '2019-12-06 14:37:14', '2020-01-06 10:22:49'),
(9, '+2349099686991', '986116', 1, '2019-12-06 14:39:25', '2020-01-06 10:22:49'),
(10, '+2348126665243', '299848', 1, '2019-12-06 14:39:47', '2020-01-07 08:02:59'),
(11, '+2348172690317', '907438', 1, '2019-12-06 21:40:41', '2019-12-12 13:39:12'),
(12, '+2348172690317', '610915', 1, '2019-12-06 21:41:33', '2019-12-12 13:39:12'),
(13, '+2348172690317', '615994', 1, '2019-12-06 22:02:24', '2019-12-12 13:39:12'),
(14, '+2348172690317', '349200', 1, '2019-12-06 22:15:24', '2019-12-12 13:39:12'),
(15, '+2348172690317', '174060', 1, '2019-12-06 22:46:29', '2019-12-12 13:39:12'),
(16, '+2348172690317', '946414', 1, '2019-12-06 23:25:58', '2019-12-12 13:39:12'),
(17, '+2348172690317', '214053', 1, '2019-12-06 23:28:20', '2019-12-12 13:39:12'),
(18, '+2348172690317', '349735', 1, '2019-12-06 23:30:49', '2019-12-12 13:39:12'),
(19, '+2348084049966', '205312', 1, '2019-12-06 23:42:04', '2019-12-13 21:05:55'),
(20, '+2348172690317', '461856', 1, '2019-12-06 23:42:39', '2019-12-12 13:39:12'),
(21, '+2348084049966', '717970', 1, '2019-12-06 23:50:41', '2019-12-13 21:05:55'),
(22, '+2348084049966', '677420', 1, '2019-12-06 23:54:33', '2019-12-13 21:05:55'),
(23, '+2348172690317', '732750', 1, '2019-12-06 23:55:17', '2019-12-12 13:39:12'),
(24, '+2348084049966', '762618', 1, '2019-12-07 00:00:00', '2019-12-13 21:05:55'),
(25, '+2348084049966', '179255', 1, '2019-12-07 00:04:47', '2019-12-13 21:05:55'),
(26, '+233268589751', '728939', 1, '2019-12-07 00:15:30', '2019-12-07 00:15:54'),
(27, '+2348172690317', '473256', 1, '2019-12-07 00:19:54', '2019-12-12 13:39:12'),
(28, '+2348172690317', '199158', 1, '2019-12-07 00:21:29', '2019-12-12 13:39:12'),
(29, '+2348172690325', '978418', 1, '2019-12-07 00:22:17', '2019-12-07 00:22:35'),
(30, '+2348172690325', '885371', 1, '2019-12-07 00:22:26', '2019-12-07 00:22:35'),
(31, '+2348172690325', '121708', 1, '2019-12-07 00:22:35', '2019-12-07 00:22:51'),
(32, '+2348084049966', '974277', 1, '2019-12-07 00:29:20', '2019-12-13 21:05:55'),
(33, '+2348084049966', '314677', 1, '2019-12-07 00:31:19', '2019-12-13 21:05:55'),
(34, '+2348084049966', '695901', 1, '2019-12-07 01:04:15', '2019-12-13 21:05:55'),
(35, '+2348084049966', '271484', 1, '2019-12-07 01:07:17', '2019-12-13 21:05:55'),
(36, '+2348084049966', '115479', 1, '2019-12-07 01:11:09', '2019-12-13 21:05:55'),
(37, '+2348084049966', '237112', 1, '2019-12-07 01:15:16', '2019-12-13 21:05:55'),
(38, '+2348084049966', '728804', 1, '2019-12-07 01:20:04', '2019-12-13 21:05:55'),
(39, '+2348084049966', '254341', 1, '2019-12-07 01:22:05', '2019-12-13 21:05:55'),
(40, '+2348084049966', '300037', 1, '2019-12-07 01:26:57', '2019-12-13 21:05:55'),
(41, '+2348084049966', '817605', 1, '2019-12-07 01:29:11', '2019-12-13 21:05:55'),
(42, '+2348172690317', '790959', 1, '2019-12-07 02:35:25', '2019-12-12 13:39:12'),
(43, '+2348084049966', '393239', 1, '2019-12-07 02:59:22', '2019-12-13 21:05:55'),
(44, '+2348084049966', '248919', 1, '2019-12-07 07:08:40', '2019-12-13 21:05:55'),
(45, '+2348172690317', '972102', 1, '2019-12-09 00:02:50', '2019-12-12 13:39:12'),
(46, '+2348172690317', '202428', 1, '2019-12-09 11:30:48', '2019-12-12 13:39:12'),
(47, '+2348172690317', '774849', 1, '2019-12-09 11:42:47', '2019-12-12 13:39:12'),
(48, '+2348172690312', '821076', 1, '2019-12-09 11:47:19', '2019-12-09 13:21:45'),
(49, '+2348084049966', '755716', 1, '2019-12-09 12:46:03', '2019-12-13 21:05:55'),
(50, '+2348172690317', '512193', 1, '2019-12-09 13:18:18', '2019-12-12 13:39:12'),
(51, '+2348172690312', '802866', 1, '2019-12-09 13:21:45', '2019-12-09 13:22:12'),
(52, '+491721527974', '741442', 1, '2019-12-09 13:31:01', '2019-12-09 13:50:02'),
(53, '+491721527974', '118877', 1, '2019-12-09 13:32:47', '2019-12-09 13:50:02'),
(54, '+2348172690317', '370591', 1, '2019-12-09 13:33:47', '2019-12-12 13:39:12'),
(55, '+491721527974', '883318', 1, '2019-12-09 13:36:34', '2019-12-09 13:50:02'),
(56, '+234', '884053', 0, '2019-12-09 13:37:29', '2019-12-09 13:37:29'),
(57, '+2347057343093', '475631', 1, '2019-12-09 13:38:43', '2019-12-12 10:04:02'),
(58, '+2349099686991', '673783', 1, '2019-12-09 13:40:04', '2020-01-06 10:22:49'),
(59, '+494917215279', '192522', 1, '2019-12-09 13:40:41', '2019-12-09 13:41:02'),
(60, '+491721527974', '534873', 1, '2019-12-09 13:42:26', '2019-12-09 13:50:02'),
(61, '+2348084049966', '869274', 1, '2019-12-09 13:43:03', '2019-12-13 21:05:55'),
(62, '+2349099686991', '401574', 1, '2019-12-09 13:43:48', '2020-01-06 10:22:49'),
(63, '+2347057343093', '772822', 1, '2019-12-09 13:44:05', '2019-12-12 10:04:02'),
(64, '+2348023103138', '810911', 1, '2019-12-09 13:45:15', '2019-12-19 18:39:49'),
(65, '+491721527974', '905037', 1, '2019-12-09 13:46:24', '2019-12-09 13:50:02'),
(66, '+234802313138', '433458', 0, '2019-12-09 13:48:16', '2019-12-09 13:48:16'),
(67, '+2349099686991', '890116', 1, '2019-12-09 13:48:31', '2020-01-06 10:22:49'),
(68, '+491721527974', '892377', 1, '2019-12-09 13:50:02', '2019-12-09 13:50:21'),
(69, '+2348023103138', '317040', 1, '2019-12-09 13:50:44', '2019-12-19 18:39:49'),
(70, '+2348080340472', '277670', 1, '2019-12-09 13:52:15', '2019-12-12 11:26:42'),
(71, '+2348126665243', '713501', 1, '2019-12-09 13:53:19', '2020-01-07 08:02:59'),
(72, '+233206858751', '626431', 1, '2019-12-09 14:02:58', '2019-12-09 14:06:54'),
(73, '+233206858751', '193319', 1, '2019-12-09 14:03:41', '2019-12-09 14:06:54'),
(74, '+233206858751', '702779', 1, '2019-12-09 14:05:34', '2019-12-09 14:06:54'),
(75, '+233206858751', '925830', 1, '2019-12-09 14:06:54', '2019-12-09 14:07:12'),
(76, '+233206857751', '785352', 1, '2019-12-09 14:20:37', '2019-12-09 14:22:53'),
(77, '+233206857751', '601769', 1, '2019-12-09 14:22:53', '2019-12-09 14:23:21'),
(78, '+2348084049966', '702363', 1, '2019-12-09 14:25:59', '2019-12-13 21:05:55'),
(79, '+233205858751', '941258', 1, '2019-12-09 14:35:13', '2019-12-09 14:49:14'),
(80, '+233205858751', '185057', 1, '2019-12-09 14:37:10', '2019-12-09 14:49:14'),
(81, '+233205858751', '842356', 1, '2019-12-09 14:48:55', '2019-12-09 14:49:14'),
(82, '+233205858751', '866518', 1, '2019-12-09 14:49:14', '2019-12-09 14:49:33'),
(83, '+2348135120686', '826477', 1, '2019-12-09 14:59:17', '2019-12-09 15:10:09'),
(84, '+2348135120686', '776704', 1, '2019-12-09 15:01:42', '2019-12-09 15:10:09'),
(85, '+2348135120686', '154692', 1, '2019-12-09 15:02:20', '2019-12-09 15:10:09'),
(86, '+2348135120686', '304219', 1, '2019-12-09 15:10:09', '2019-12-09 15:10:26'),
(87, '+2348172690317', '126082', 1, '2019-12-09 16:14:49', '2019-12-12 13:39:12'),
(88, '+2348172690317', '765369', 1, '2019-12-09 16:16:39', '2019-12-12 13:39:12'),
(89, '+2348172690317', '635144', 1, '2019-12-09 16:24:31', '2019-12-12 13:39:12'),
(90, '+2348172690317', '795882', 1, '2019-12-09 16:28:53', '2019-12-12 13:39:12'),
(91, '+2348172690317', '800479', 1, '2019-12-09 16:38:58', '2019-12-12 13:39:12'),
(92, '+2348172690317', '561021', 1, '2019-12-09 16:48:38', '2019-12-12 13:39:12'),
(93, '+2348172690317', '418161', 1, '2019-12-09 17:01:28', '2019-12-12 13:39:12'),
(94, '+2348172690317', '466693', 1, '2019-12-09 17:06:13', '2019-12-12 13:39:12'),
(95, '+2348172690317', '633977', 1, '2019-12-09 17:25:36', '2019-12-12 13:39:12'),
(96, '+2348084049966', '285501', 1, '2019-12-10 04:49:05', '2019-12-13 21:05:55'),
(97, '+2348084049966', '994796', 1, '2019-12-10 04:54:17', '2019-12-13 21:05:55'),
(98, '+2348084049966', '372689', 1, '2019-12-10 04:54:24', '2019-12-13 21:05:55'),
(99, '+2348084049966', '230038', 1, '2019-12-10 05:01:45', '2019-12-13 21:05:55'),
(100, '+2348084049966', '449445', 1, '2019-12-10 05:04:02', '2019-12-13 21:05:55'),
(101, '+2348172690317', '289988', 1, '2019-12-10 05:06:00', '2019-12-12 13:39:12'),
(102, '+2348084049966', '581158', 1, '2019-12-10 05:07:59', '2019-12-13 21:05:55'),
(103, '+2348084049966', '787939', 1, '2019-12-10 05:12:51', '2019-12-13 21:05:55'),
(104, '+2348084049966', '161159', 1, '2019-12-10 05:20:49', '2019-12-13 21:05:55'),
(105, '+2348084049966', '636171', 1, '2019-12-10 05:26:51', '2019-12-13 21:05:55'),
(106, '+2347086771965', '470789', 1, '2019-12-10 05:30:08', '2019-12-10 05:30:23'),
(107, '+2348084049966', '216451', 1, '2019-12-10 05:41:08', '2019-12-13 21:05:55'),
(108, '+2348172690317', '648486', 1, '2019-12-10 06:08:48', '2019-12-12 13:39:12'),
(109, '+2348172690317', '116850', 1, '2019-12-10 06:19:36', '2019-12-12 13:39:12'),
(110, '+2348084049966', '469450', 1, '2019-12-10 13:01:11', '2019-12-13 21:05:55'),
(111, '+2348172690317', '894173', 1, '2019-12-10 17:03:21', '2019-12-12 13:39:12'),
(112, '+2348172690317', '887726', 1, '2019-12-12 09:52:03', '2019-12-12 13:39:12'),
(113, '+2347057343093', '969658', 1, '2019-12-12 09:57:46', '2019-12-12 10:04:02'),
(114, '+2347057343093', '378303', 1, '2019-12-12 10:04:02', '2019-12-12 10:04:28'),
(115, '+2349099686991', '980306', 1, '2019-12-12 10:15:15', '2020-01-06 10:22:49'),
(116, '+2348080340472', '928365', 1, '2019-12-12 10:20:24', '2019-12-12 11:26:42'),
(117, '+2348080340472', '986126', 1, '2019-12-12 10:34:55', '2019-12-12 11:26:42'),
(118, '+2348080340472', '737090', 1, '2019-12-12 10:38:28', '2019-12-12 11:26:42'),
(119, '+2347037402575', '897455', 1, '2019-12-12 10:52:56', '2019-12-17 09:25:34'),
(120, '+2347037402575', '622471', 1, '2019-12-12 10:53:13', '2019-12-17 09:25:34'),
(121, '+2347037402575', '881307', 1, '2019-12-12 10:53:47', '2019-12-17 09:25:34'),
(122, '+2347037402575', '999849', 1, '2019-12-12 10:54:14', '2019-12-17 09:25:34'),
(123, '+2347037402575', '871676', 1, '2019-12-12 10:55:12', '2019-12-17 09:25:34'),
(124, '+2349036016282', '203397', 1, '2019-12-12 10:55:41', '2019-12-12 10:56:24'),
(125, '+2348080340472', '548515', 1, '2019-12-12 11:09:40', '2019-12-12 11:26:42'),
(126, '+2348080340472', '876928', 1, '2019-12-12 11:26:42', '2019-12-12 11:27:07'),
(127, '+2349099686991', '285853', 1, '2019-12-12 13:11:58', '2020-01-06 10:22:49'),
(128, '+2347086771967', '130505', 1, '2019-12-12 13:17:29', '2019-12-12 13:17:41'),
(129, '+2348172690317', '900611', 1, '2019-12-12 13:39:12', '2019-12-12 13:39:26'),
(130, '+2349090717420', '280158', 1, '2019-12-12 16:07:51', '2019-12-12 16:08:12'),
(131, '+2348084049966', '627011', 1, '2019-12-12 18:36:30', '2019-12-13 21:05:55'),
(132, '+2348084049966', '794099', 1, '2019-12-12 18:41:47', '2019-12-13 21:05:55'),
(133, '+2343', '661403', 0, '2019-12-12 18:52:19', '2019-12-12 18:52:19'),
(134, '+2348', '532875', 0, '2019-12-12 23:09:06', '2019-12-12 23:09:06'),
(135, '+97100999', '548291', 1, '2019-12-12 23:10:51', '2019-12-12 23:12:05'),
(136, '+97100999', '343038', 1, '2019-12-12 23:11:10', '2019-12-12 23:12:05'),
(137, '+97100999', '783797', 1, '2019-12-12 23:11:11', '2019-12-12 23:12:05'),
(138, '+97100999', '983822', 1, '2019-12-12 23:11:26', '2019-12-12 23:12:05'),
(139, '+97100999', '832292', 1, '2019-12-12 23:11:32', '2019-12-12 23:12:05'),
(140, '+97100999', '646792', 1, '2019-12-12 23:11:33', '2019-12-12 23:12:05'),
(141, '+97100999', '102353', 1, '2019-12-12 23:11:33', '2019-12-12 23:12:05'),
(142, '+97100999', '200788', 1, '2019-12-12 23:11:59', '2019-12-12 23:12:05'),
(143, '+97100999', '290185', 1, '2019-12-12 23:12:00', '2019-12-12 23:12:05'),
(144, '+97100999', '167719', 1, '2019-12-12 23:12:01', '2019-12-12 23:12:05'),
(145, '+97100999', '154703', 0, '2019-12-12 23:12:05', '2019-12-12 23:12:05'),
(146, '+2348084049966', '490686', 1, '2019-12-13 01:15:25', '2019-12-13 21:05:55'),
(147, '+2347086771986', '199198', 1, '2019-12-13 01:20:53', '2019-12-13 01:21:48'),
(148, '+2348084049966', '468511', 1, '2019-12-13 01:20:56', '2019-12-13 21:05:55'),
(149, '+23445', '625835', 0, '2019-12-13 02:16:02', '2019-12-13 02:16:02'),
(150, '+234413512', '308244', 0, '2019-12-13 02:16:10', '2019-12-13 02:16:10'),
(151, '+2348084049966', '860009', 1, '2019-12-13 02:25:52', '2019-12-13 21:05:55'),
(152, '+35545', '426199', 0, '2019-12-13 02:37:45', '2019-12-13 02:37:45'),
(153, '+35541351', '324406', 1, '2019-12-13 02:37:53', '2019-12-13 02:38:01'),
(154, '+35541351', '955405', 1, '2019-12-13 02:38:00', '2019-12-13 02:38:01'),
(155, '+35541351', '698519', 0, '2019-12-13 02:38:01', '2019-12-13 02:38:01'),
(156, '+2348084049966', '128118', 1, '2019-12-13 10:39:53', '2019-12-13 21:05:55'),
(157, '+2349099686991', '989230', 1, '2019-12-13 12:16:47', '2020-01-06 10:22:49'),
(158, '+2348084049966', '938451', 0, '2019-12-13 21:05:55', '2019-12-13 21:05:55'),
(159, '+2348069001011', '270188', 1, '2019-12-16 09:36:02', '2019-12-17 12:41:04'),
(160, '+2348069001011', '720879', 1, '2019-12-16 09:36:15', '2019-12-17 12:41:04'),
(161, '+2348023103138', '446205', 1, '2019-12-16 10:03:32', '2019-12-19 18:39:49'),
(162, '+2349099686991', '565660', 1, '2019-12-16 10:15:34', '2020-01-06 10:22:49'),
(163, '+2349099686991', '454686', 1, '2019-12-16 10:21:07', '2020-01-06 10:22:49'),
(164, '+2348169039633', '459690', 1, '2019-12-16 14:31:45', '2019-12-16 14:32:05'),
(165, '+2349099686991', '781649', 1, '2019-12-16 19:36:21', '2020-01-06 10:22:49'),
(166, '+234703740275', '290283', 1, '2019-12-17 09:24:10', '2019-12-17 09:24:26'),
(167, '+234703740275', '178255', 0, '2019-12-17 09:24:26', '2019-12-17 09:24:26'),
(168, '+2347037402575', '912211', 1, '2019-12-17 09:24:44', '2019-12-17 09:25:34'),
(169, '+2347037402575', '822470', 1, '2019-12-17 09:25:09', '2019-12-17 09:25:34'),
(170, '+2347037402575', '567308', 0, '2019-12-17 09:25:34', '2019-12-17 09:25:34'),
(171, '+2348069001011', '267272', 1, '2019-12-17 12:40:50', '2019-12-17 12:41:04'),
(172, '+2348069001011', '668026', 0, '2019-12-17 12:41:04', '2019-12-17 12:41:04'),
(173, '+2348035134948', '468374', 0, '2019-12-18 19:29:34', '2019-12-18 19:29:34'),
(174, '+2349099686991', '887346', 1, '2019-12-19 07:24:31', '2020-01-06 10:22:49'),
(175, '+2348087790332', '922190', 1, '2019-12-19 08:23:58', '2019-12-19 08:25:47'),
(176, '+2348087790332', '782107', 0, '2019-12-19 08:25:47', '2019-12-19 08:25:47'),
(177, '+2349062365541', '226127', 1, '2019-12-19 09:22:47', '2019-12-19 09:23:01'),
(178, '+2349062365541', '927826', 0, '2019-12-19 09:23:01', '2019-12-19 09:23:01'),
(179, '+96895528101', '111916', 0, '2019-12-19 11:27:09', '2019-12-19 11:27:09'),
(180, '+2348140719844', '201954', 1, '2019-12-19 11:30:08', '2019-12-27 11:33:22'),
(181, '+2347016893737', '790731', 1, '2019-12-19 11:43:40', '2019-12-19 11:47:08'),
(182, '+2347016893737', '282976', 1, '2019-12-19 11:46:25', '2019-12-19 11:47:08'),
(183, '+2348023103138', '748419', 1, '2019-12-19 11:46:36', '2019-12-19 18:39:49'),
(184, '+23416893737', '974326', 0, '2019-12-19 11:46:48', '2019-12-19 11:46:48'),
(185, '+2347016893737', '202110', 0, '2019-12-19 11:47:08', '2019-12-19 11:47:08'),
(186, '+2348023103138', '766908', 1, '2019-12-19 11:54:51', '2019-12-19 18:39:49'),
(187, '+2349012214331', '894994', 1, '2019-12-19 12:04:32', '2019-12-19 12:05:21'),
(188, '+2348023103138', '643791', 1, '2019-12-19 12:13:19', '2019-12-19 18:39:49'),
(189, '+2348023103138', '196023', 1, '2019-12-19 12:16:12', '2019-12-19 18:39:49'),
(190, '+2348023103138', '305921', 1, '2019-12-19 12:17:33', '2019-12-19 18:39:49'),
(191, '+2348023103138', '322741', 1, '2019-12-19 18:39:49', '2019-12-19 18:40:36'),
(192, '+2348077819202', '289998', 1, '2019-12-21 18:35:54', '2019-12-21 18:36:28'),
(193, '+2348122028572', '105493', 1, '2019-12-25 12:14:07', '2019-12-25 12:14:44'),
(194, '+2348122028572', '625520', 0, '2019-12-25 12:14:44', '2019-12-25 12:14:44'),
(195, '+2348140719844', '663082', 1, '2019-12-27 11:32:59', '2019-12-27 11:33:22'),
(196, '+2348140719844', '285173', 0, '2019-12-27 11:33:22', '2019-12-27 11:33:22'),
(197, '+2348023567580', '735558', 1, '2020-01-06 06:51:22', '2020-01-06 17:06:43'),
(198, '+2348023567580', '543030', 1, '2020-01-06 06:51:50', '2020-01-06 17:06:43'),
(199, '+2349099686991', '271622', 1, '2020-01-06 10:21:09', '2020-01-06 10:22:49'),
(200, '+2349099686991', '111560', 1, '2020-01-06 10:21:32', '2020-01-06 10:22:49'),
(201, '+2348126665243', '927658', 1, '2020-01-06 10:21:51', '2020-01-07 08:02:59'),
(202, '+2348126665243', '915810', 1, '2020-01-06 10:22:11', '2020-01-07 08:02:59'),
(203, '+2349099686991', '667503', 1, '2020-01-06 10:22:49', '2020-01-06 10:23:27'),
(204, '+2348023567580', '272361', 1, '2020-01-06 17:06:43', '2020-01-06 17:07:32'),
(205, '+2348126665243', '753563', 1, '2020-01-07 08:02:38', '2020-01-07 08:02:59'),
(206, '+2348126665243', '256377', 0, '2020-01-07 08:02:59', '2020-01-07 08:02:59');

-- --------------------------------------------------------

--
-- Table structure for table `trips`
--

CREATE TABLE `trips` (
  `id` bigint(20) UNSIGNED NOT NULL,
  `driver_id` int(11) NOT NULL,
  `vehicle_id` int(11) NOT NULL,
  `from` varchar(191) COLLATE utf8mb4_unicode_ci NOT NULL,
  `to` varchar(191) COLLATE utf8mb4_unicode_ci NOT NULL,
  `date` date NOT NULL,
  `status` int(11) NOT NULL DEFAULT '1',
  `is_complete` tinyint(1) NOT NULL DEFAULT '0',
  `created_at` timestamp NULL DEFAULT NULL,
  `updated_at` timestamp NULL DEFAULT NULL
) ENGINE=InnoDB DEFAULT CHARSET=utf8mb4 COLLATE=utf8mb4_unicode_ci;

--
-- Dumping data for table `trips`
--

INSERT INTO `trips` (`id`, `driver_id`, `vehicle_id`, `from`, `to`, `date`, `status`, `is_complete`, `created_at`, `updated_at`) VALUES
(1, 1, 1, 'Abuja, Nigeria', 'Lagos, Nigeria', '2019-12-06', 3, 1, '2019-12-06 14:52:51', '2019-12-07 06:52:06'),
(2, 1, 1, 'Banex, Aminu Kano Crescent, Abuja, Nigeria', 'Maitama, Abuja, Nigeria', '2019-12-31', 3, 1, '2019-12-09 13:20:27', '2019-12-09 16:19:53'),
(3, 1, 1, 'Maitama, Abuja, Nigeria', 'Lagos, Nigeria', '2019-12-31', 3, 1, '2019-12-09 17:08:58', '2019-12-09 17:20:48'),
(4, 1, 1, 'Banex, Aminu Kano Crescent, Abuja, Nigeria', 'Maitama, Abuja, Nigeria', '2019-12-31', 3, 1, '2019-12-09 17:25:55', '2019-12-09 17:26:21'),
(5, 1, 1, 'Banex, Aminu Kano Crescent, Abuja, Nigeria', 'Maitama, Abuja, Nigeria', '2019-12-31', 3, 1, '2019-12-09 17:33:17', '2019-12-09 17:34:15'),
(6, 1, 1, 'Banex, Aminu Kano Crescent, Abuja, Nigeria', 'Maitama, Abuja, Nigeria', '2019-12-31', 3, 1, '2019-12-09 17:52:00', '2019-12-09 17:58:47'),
(7, 1, 1, 'Banex, Aminu Kano Crescent, Abuja, Nigeria', 'Maitama, Abuja, Nigeria', '2019-12-31', 3, 1, '2019-12-09 18:02:14', '2019-12-09 18:06:21'),
(8, 1, 1, 'Banex, Aminu Kano Crescent, Abuja, Nigeria', 'Maitama, Abuja, Nigeria', '2019-12-31', 3, 1, '2019-12-09 18:08:42', '2019-12-09 18:09:14'),
(9, 1, 1, 'Banex, Aminu Kano Crescent, Abuja, Nigeria', 'Maitama, Abuja, Nigeria', '2019-12-31', 3, 1, '2019-12-09 18:10:51', '2019-12-09 18:11:21'),
(10, 1, 1, 'Ikorodu, Nigeria', 'ZOOMLION GHANA LIMITED®, University Farm Rd, Madina, Ghana', '2019-12-31', 3, 1, '2019-12-09 22:18:39', '2019-12-10 06:08:35'),
(11, 1, 1, 'Banex, Aminu Kano Crescent, Abuja, Nigeria', 'Maitama, Abuja, Nigeria', '2019-12-31', 3, 1, '2019-12-10 06:14:01', '2019-12-10 06:14:23'),
(12, 1, 1, 'Banex, Aminu Kano Crescent, Abuja, Nigeria', 'Maitama, Abuja, Nigeria', '2019-12-31', 3, 1, '2019-12-10 06:21:31', '2019-12-10 06:24:46'),
(13, 1, 1, 'bannex', 'maitama', '2019-12-31', 3, 1, '2019-12-10 08:44:40', '2019-12-10 08:45:31'),
(14, 1, 1, 'bannex', 'maitama', '2019-12-31', 3, 1, '2019-12-10 08:48:17', '2019-12-10 08:48:28'),
(15, 1, 1, 'bannex', 'maitama', '2019-12-31', 3, 1, '2019-12-10 08:52:04', '2019-12-10 08:53:14'),
(16, 1, 1, 'bannex', 'maitama', '2019-12-31', 0, 0, '2019-12-10 08:58:44', '2019-12-10 09:58:50'),
(17, 1, 1, 'bannex', 'maitama', '2019-12-31', 0, 0, '2019-12-10 10:04:00', '2019-12-10 10:04:29'),
(18, 1, 1, 'bannex', 'maitama', '2019-12-31', 0, 0, '2019-12-10 10:04:57', '2019-12-10 10:05:01'),
(19, 1, 1, 'Banex, Aminu Kano Crescent, Abuja, Nigeria', 'Maitama, Abuja, Nigeria', '2019-12-12', 3, 1, '2019-12-12 09:54:16', '2019-12-12 09:56:47'),
(20, 3, 2, 'Bannex Plaza Annex, Aminu Kano Crescent, Abuja, Nigeria', 'Maitama, Abuja, Nigeria', '2019-12-31', 3, 1, '2019-12-12 10:31:34', '2019-12-12 10:36:06'),
(21, 1, 1, 'Apo Legislative Quarters Zone E, Jereton Mariere Street, Abuja, Nigeria', 'Wuse 2, Abuja, Nigeria', '2019-12-31', 0, 0, '2019-12-12 10:47:47', '2019-12-12 13:37:26'),
(22, 3, 2, 'Misau Crescent, Garki, Abuja, Nigeria', 'APO RESETTLEMENT AREA, Abuja, Nigeria', '2019-12-12', 3, 1, '2019-12-12 13:32:29', '2019-12-12 13:41:48');

-- --------------------------------------------------------

--
-- Table structure for table `trip_ratings`
--

CREATE TABLE `trip_ratings` (
  `id` bigint(20) UNSIGNED NOT NULL,
  `trip_id` int(11) NOT NULL,
  `user_id` int(11) NOT NULL,
  `object_id` int(11) NOT NULL,
  `user_role` varchar(191) COLLATE utf8mb4_unicode_ci NOT NULL,
  `rating` int(11) NOT NULL,
  `review` varchar(256) COLLATE utf8mb4_unicode_ci DEFAULT NULL,
  `status` int(11) NOT NULL DEFAULT '1',
  `created_at` timestamp NULL DEFAULT NULL,
  `updated_at` timestamp NULL DEFAULT NULL
) ENGINE=InnoDB DEFAULT CHARSET=utf8mb4 COLLATE=utf8mb4_unicode_ci;

--
-- Dumping data for table `trip_ratings`
--

INSERT INTO `trip_ratings` (`id`, `trip_id`, `user_id`, `object_id`, `user_role`, `rating`, `review`, `status`, `created_at`, `updated_at`) VALUES
(1, 2, 5, 1, 'rider', 5, 'na foolish person the guy be... we thank God for safe trip sha 🙏🙏🙏', 1, '2019-12-09 16:20:47', '2019-12-09 16:20:47'),
(2, 3, 5, 1, 'rider', 1, 'e nor try', 1, '2019-12-09 17:21:17', '2019-12-09 17:21:17'),
(3, 5, 5, 1, 'rider', 1, 'e mess up', 1, '2019-12-09 17:34:35', '2019-12-09 17:34:35'),
(4, 6, 5, 1, 'rider', 3, 'e try small', 1, '2019-12-09 17:59:40', '2019-12-09 17:59:40'),
(5, 7, 5, 1, 'rider', 1, 'foolishness', 1, '2019-12-09 18:07:45', '2019-12-09 18:07:45'),
(6, 8, 5, 1, 'rider', 1, 'foolishness!!!!', 1, '2019-12-09 18:09:36', '2019-12-09 18:09:36'),
(7, 9, 5, 1, 'rider', 5, 'good boy!', 1, '2019-12-09 18:11:57', '2019-12-09 18:11:57'),
(8, 11, 5, 1, 'rider', 1, 'disturbed my peace', 1, '2019-12-10 06:15:05', '2019-12-10 06:15:05'),
(9, 20, 1, 3, 'rider', 3, NULL, 1, '2019-12-12 10:36:16', '2019-12-12 10:36:16');

-- --------------------------------------------------------

--
-- Table structure for table `trip_requests`
--

CREATE TABLE `trip_requests` (
  `id` bigint(20) UNSIGNED NOT NULL,
  `user_id` int(11) NOT NULL,
  `from` varchar(200) COLLATE utf8mb4_unicode_ci NOT NULL,
  `destination` varchar(200) COLLATE utf8mb4_unicode_ci NOT NULL,
  `latlng` varchar(255) COLLATE utf8mb4_unicode_ci DEFAULT NULL,
  `private_trip` tinyint(1) NOT NULL DEFAULT '0',
  `wait_time` datetime NOT NULL,
  `status` int(11) NOT NULL DEFAULT '1',
  `created_at` timestamp NULL DEFAULT NULL,
  `updated_at` timestamp NULL DEFAULT NULL
) ENGINE=InnoDB DEFAULT CHARSET=utf8mb4 COLLATE=utf8mb4_unicode_ci;

--
-- Dumping data for table `trip_requests`
--

INSERT INTO `trip_requests` (`id`, `user_id`, `from`, `destination`, `latlng`, `private_trip`, `wait_time`, `status`, `created_at`, `updated_at`) VALUES
(1, 1, 'Bannex Plaza Annex, Aminu Kano Crescent, Abuja, Nigeria', 'Maitama, Abuja, Nigeria', NULL, 1, '2019-12-31 04:20:00', 0, '2019-12-02 11:01:57', '2019-12-12 10:31:34'),
(2, 4, 'Abuja, Nigeria', 'Lagos, Nigeria', NULL, 1, '2019-12-06 06:30:00', 0, '2019-12-06 14:43:42', '2019-12-06 14:52:51'),
(3, 5, 'Banex, Aminu Kano Crescent, Abuja, Nigeria', 'Maitama, Abuja, Nigeria', NULL, 1, '2019-12-31 18:30:00', 0, '2019-12-09 11:32:29', '2019-12-09 13:20:27'),
(4, 8, 'Banex, Aminu Kano Crescent, Abuja, Nigeria', 'Maitama, Abuja, Nigeria', NULL, 1, '2019-12-31 18:30:00', 0, '2019-12-09 11:49:28', '2019-12-09 13:22:30'),
(5, 9, 'Banex, Aminu Kano Crescent, Abuja, Nigeria', 'Maitama, Abuja, Nigeria', NULL, 1, '2019-12-31 18:30:00', 0, '2019-12-09 13:32:24', '2019-12-09 13:51:39'),
(6, 15, 'Banex, Aminu Kano Crescent, Abuja, Nigeria', 'Maitama, Abuja, Nigeria', NULL, 1, '2019-12-31 18:30:00', 0, '2019-12-09 14:05:15', '2019-12-09 14:10:37'),
(7, 16, 'Banex, Aminu Kano Crescent, Abuja, Nigeria', 'Maitama, Abuja, Nigeria', NULL, 1, '2019-12-31 18:30:00', 0, '2019-12-09 14:22:07', '2019-12-09 14:26:46'),
(8, 17, 'Banex, Aminu Kano Crescent, Abuja, Nigeria', 'Maitama, Abuja, Nigeria', NULL, 1, '2019-12-31 18:30:00', 0, '2019-12-09 14:36:27', '2019-12-09 14:38:58'),
(9, 18, 'Banex, Aminu Kano Crescent, Abuja, Nigeria', 'Maitama, Abuja, Nigeria', NULL, 1, '2019-12-31 18:30:00', 0, '2019-12-09 15:00:47', '2019-12-09 15:03:55'),
(10, 18, 'Banex, Aminu Kano Crescent, Abuja, Nigeria', 'Maitama, Abuja, Nigeria', NULL, 1, '2019-12-31 18:30:00', 0, '2019-12-09 16:14:09', '2019-12-09 17:25:55'),
(11, 5, 'Maitama, Abuja, Nigeria', 'Banex, Aminu Kano Crescent, Abuja, Nigeria', NULL, 1, '2019-12-31 18:30:00', 0, '2019-12-09 16:16:09', '2019-12-09 16:17:36'),
(12, 5, 'Maitama, Abuja, Nigeria', 'Lagos, Nigeria', NULL, 1, '2019-12-31 18:07:00', 0, '2019-12-09 17:07:39', '2019-12-09 17:08:58'),
(13, 5, 'Banex, Aminu Kano Crescent, Abuja, Nigeria', 'Maitama, Abuja, Nigeria', NULL, 1, '2019-12-31 18:27:00', 0, '2019-12-09 17:27:41', '2019-12-09 17:33:17'),
(14, 5, 'Banex, Aminu Kano Crescent, Abuja, Nigeria', 'Maitama, Abuja, Nigeria', NULL, 1, '2019-12-31 18:36:00', 0, '2019-12-09 17:36:56', '2019-12-09 17:52:00'),
(15, 5, 'Banex, Aminu Kano Crescent, Abuja, Nigeria', 'Maitama, Abuja, Nigeria', NULL, 1, '2019-12-31 18:01:00', 0, '2019-12-09 18:02:03', '2019-12-09 18:02:14'),
(16, 5, 'Banex, Aminu Kano Crescent, Abuja, Nigeria', 'Maitama, Abuja, Nigeria', NULL, 1, '2019-12-31 18:30:00', 0, '2019-12-09 18:08:15', '2019-12-09 18:08:42'),
(17, 5, 'Banex, Aminu Kano Crescent, Abuja, Nigeria', 'Maitama, Abuja, Nigeria', NULL, 1, '2019-12-31 18:30:00', 0, '2019-12-09 18:10:42', '2019-12-09 18:10:51'),
(18, 5, 'Ikorodu, Nigeria', 'ZOOMLION GHANA LIMITED®, University Farm Rd, Madina, Ghana', NULL, 1, '2019-12-31 18:30:00', 0, '2019-12-09 22:18:13', '2019-12-09 22:18:39'),
(19, 5, 'Banex, Aminu Kano Crescent, Abuja, Nigeria', 'Maitama, Abuja, Nigeria', NULL, 1, '2019-12-31 18:30:00', 0, '2019-12-10 06:13:45', '2019-12-10 06:14:01'),
(20, 5, 'Banex, Aminu Kano Crescent, Abuja, Nigeria', 'Maitama, Abuja, Nigeria', NULL, 1, '2019-12-31 18:30:00', 0, '2019-12-10 06:20:49', '2019-12-10 06:21:31'),
(21, 5, 'bannex', 'maitama', NULL, 1, '2019-12-31 06:30:00', 0, '2019-12-10 08:43:44', '2019-12-10 08:44:40'),
(22, 5, 'bannex', 'maitama', NULL, 1, '2019-12-31 06:30:00', 0, '2019-12-10 08:48:04', '2019-12-10 08:48:17'),
(23, 5, 'bannex', 'maitama', NULL, 1, '2019-12-31 06:30:00', 0, '2019-12-10 08:51:37', '2019-12-10 08:52:04'),
(24, 5, 'bannex', 'maitama', NULL, 1, '2019-12-31 06:30:00', 0, '2019-12-10 08:55:36', '2019-12-10 08:58:44'),
(25, 5, 'bannex', 'maitama', NULL, 1, '2019-12-31 06:30:00', 0, '2019-12-10 09:04:59', '2019-12-10 09:05:09'),
(26, 5, 'bannex', 'maitama', NULL, 1, '2019-12-31 06:30:00', 0, '2019-12-10 09:06:48', '2019-12-10 09:07:11'),
(27, 5, 'bannex', 'maitama', NULL, 1, '2019-12-31 06:30:00', 0, '2019-12-10 09:09:21', '2019-12-10 09:09:29'),
(28, 5, 'bannex', 'maitama', NULL, 1, '2019-12-31 06:30:00', 0, '2019-12-10 09:40:05', '2019-12-10 09:40:20'),
(29, 5, 'bannex', 'maitama', NULL, 1, '2019-12-31 06:30:00', 0, '2019-12-10 09:52:33', '2019-12-10 09:53:23'),
(30, 5, 'bannex', 'maitama', NULL, 1, '2019-12-31 06:30:00', 0, '2019-12-10 09:58:26', '2019-12-10 09:58:42'),
(31, 5, 'bannex', 'maitama', NULL, 1, '2019-12-31 06:30:00', 0, '2019-12-10 10:03:45', '2019-12-10 10:04:00'),
(32, 5, 'bannex', 'maitama', NULL, 1, '2019-12-31 06:30:00', 0, '2019-12-10 10:04:49', '2019-12-10 10:04:57'),
(33, 5, 'Banex, Aminu Kano Crescent, Abuja, Nigeria', 'Maitama, Abuja, Nigeria', NULL, 1, '2019-12-12 18:30:00', 0, '2019-12-12 09:53:47', '2019-12-12 09:54:16'),
(34, 5, 'Apo Legislative Quarters Zone E, Jereton Mariere Street, Abuja, Nigeria', 'Wuse 2, Abuja, Nigeria', NULL, 1, '2019-12-31 18:30:00', 0, '2019-12-12 10:42:25', '2019-12-12 13:37:52'),
(35, 14, 'Misau Crescent, Garki, Abuja, Nigeria', 'APO RESETTLEMENT AREA, Abuja, Nigeria', NULL, 1, '2019-12-12 13:30:00', 0, '2019-12-12 11:34:07', '2019-12-12 13:32:29'),
(36, 19, 'misau crescent', 'apo resettlement', NULL, 1, '2019-12-12 06:30:00', 0, '2019-12-12 13:34:11', '2019-12-12 13:34:31'),
(37, 5, 'Banex, Aminu Kano Crescent, Abuja, Nigeria', 'Maitama, Abuja, Nigeria', NULL, 1, '2019-12-31 18:30:00', 1, '2019-12-12 15:59:12', '2019-12-12 15:59:12'),
(38, 23, 'American International School Abuja (AISA), Abuja, Nigeria', 'Lagos, Nigeria', NULL, 1, '2019-12-14 07:05:00', 1, '2019-12-12 16:19:29', '2019-12-12 16:19:29'),
(39, 33, 'Lekki Phase 1, Lekki, Nigeria', 'Abuja, Nigeria', NULL, 1, '2019-12-16 16:16:00', 1, '2019-12-16 14:33:24', '2019-12-16 14:33:24'),
(40, 42, 'Area 1, Abuja, Nigeria', 'Mpape Police Station, Abuja, Nigeria', NULL, 1, '2019-12-19 17:15:00', 1, '2019-12-19 12:09:15', '2019-12-19 12:09:15'),
(41, 3, 'Abuja, Nigeria', 'Benin City, Nigeria', NULL, 1, '2019-12-31 06:30:00', 1, '2019-12-25 09:14:35', '2019-12-25 09:14:35');

-- --------------------------------------------------------

--
-- Table structure for table `trusted_contacts`
--

CREATE TABLE `trusted_contacts` (
  `id` bigint(20) UNSIGNED NOT NULL,
  `user_id` int(11) NOT NULL,
  `name` varchar(100) COLLATE utf8mb4_unicode_ci NOT NULL,
  `contact` varchar(200) COLLATE utf8mb4_unicode_ci NOT NULL,
  `additional_information` varchar(200) COLLATE utf8mb4_unicode_ci DEFAULT NULL,
  `created_at` timestamp NULL DEFAULT NULL,
  `updated_at` timestamp NULL DEFAULT NULL
) ENGINE=InnoDB DEFAULT CHARSET=utf8mb4 COLLATE=utf8mb4_unicode_ci;

-- --------------------------------------------------------

--
-- Table structure for table `users`
--

CREATE TABLE `users` (
  `id` bigint(20) UNSIGNED NOT NULL,
  `name` varchar(191) COLLATE utf8mb4_unicode_ci DEFAULT NULL,
  `phone` varchar(191) COLLATE utf8mb4_unicode_ci NOT NULL,
  `email` varchar(191) COLLATE utf8mb4_unicode_ci DEFAULT NULL,
  `email_verified_at` timestamp NULL DEFAULT NULL,
  `password` varchar(191) COLLATE utf8mb4_unicode_ci DEFAULT NULL,
  `role` int(11) NOT NULL DEFAULT '1',
  `remember_token` varchar(100) COLLATE utf8mb4_unicode_ci DEFAULT NULL,
  `created_at` timestamp NULL DEFAULT NULL,
  `updated_at` timestamp NULL DEFAULT NULL
) ENGINE=InnoDB DEFAULT CHARSET=utf8mb4 COLLATE=utf8mb4_unicode_ci;

--
-- Dumping data for table `users`
--

INSERT INTO `users` (`id`, `name`, `phone`, `email`, `email_verified_at`, `password`, `role`, `remember_token`, `created_at`, `updated_at`) VALUES
(1, 'Idoko Agbo', '+2348084049966', 'idoko@jobtaska.com', NULL, '$2y$10$b1NnQ2JtzBhi2O090x/9UeWOdCOpKJxq1C24pVRdZaC5lzxiuMo5O', 1, NULL, '2019-12-02 06:41:08', '2019-12-02 06:41:42'),
(2, NULL, '+234', NULL, NULL, NULL, 1, NULL, '2019-12-02 09:51:08', '2019-12-02 09:51:08'),
(3, 'Ome Ernest', '+2349099686991', 'omescroll@gmail.com', NULL, '$2y$10$.6NrBRaaZM3gb63U6JO0HOxC/XbwdhsP91P0.YWrHvJL6XZSbvmHe', 1, NULL, '2019-12-06 14:28:34', '2019-12-12 10:16:22'),
(4, 'Idoko Jay', '+2348126665243', 'idoko@gmail.com', NULL, '$2y$10$pQm6XwPX4feUfvg5pJISe.nq9UAv2uZNnO7X7o3Let4kS.jYPOh06', 1, NULL, '2019-12-06 14:39:47', '2019-12-06 14:40:46'),
(5, 'Kevin Constantine', '+2348172690317', 'conxtantyn@gmail.com', NULL, '$2y$10$gWXbbbP2KLl7NH0h/SrOzeIy9OPB3FBUnuX.aYGyBdndCX/X8cwI.', 1, NULL, '2019-12-06 21:40:41', '2019-12-07 00:11:13'),
(6, 'Kevin Constantine', '+233268589751', 'conxtantyn@gmail.com', NULL, '$2y$10$nIlE6Nb5qXSjDL38lDY0AeAs.jJQ2PA6N80YnbKS9FoNJo5nmza/.', 1, NULL, '2019-12-07 00:15:30', '2019-12-07 00:16:25'),
(7, 'Constantine Kevin', '+2348172690325', 'conxtantyn@gmail.com', NULL, '$2y$10$I2BdS1e2HvgZazI7hX5Fn.oy9RzLEF/rAeGnqDeXrNxrh0bnRSEKi', 1, NULL, '2019-12-07 00:22:17', '2019-12-07 00:23:16'),
(8, 'Kwame Aafoa', '+2348172690312', 'conxtantyn@gmail.com', NULL, '$2y$10$obzSaRQkP3gm27uXvwTaA.oVVKz12L1fpVkdaLwtziR7tk6fCB7.q', 1, NULL, '2019-12-09 11:47:19', '2019-12-09 11:48:48'),
(9, 'Lawrence Kevin', '+491721527974', 'conxtantyn@gmail.com', NULL, '$2y$10$ULlfroBX9iYzEzjA2ZftE.a6RPVZdKbzulwCC1ebhACCZS056gY5.', 1, NULL, '2019-12-09 13:31:00', '2019-12-09 13:31:56'),
(10, 'Jasper Ogbonna', '+2347057343093', 'jasperjayy@gmail.com', NULL, '$2y$10$6wlS31KBZNT/AQn.qeIuhewfQpUNAR3HeYzAob0DAqtD7kCzGggc6', 1, NULL, '2019-12-09 13:38:43', '2019-12-12 10:05:38'),
(11, NULL, '+494917215279', NULL, NULL, NULL, 1, NULL, '2019-12-09 13:40:41', '2019-12-09 13:40:41'),
(12, 'Jasper Ogbonna', '+2348023103138', 'jasperjayy@Gmail.com', NULL, '$2y$10$J.UdlStXa7of9ANwjOSZQuAuJ7kozDPfrCtP3M7THltzmOpVtNufW', 1, NULL, '2019-12-09 13:45:15', '2019-12-19 18:41:24'),
(13, NULL, '+234802313138', NULL, NULL, NULL, 1, NULL, '2019-12-09 13:48:16', '2019-12-09 13:48:16'),
(14, 'Emeka Ogbonna', '+2348080340472', 'emekaogbonna05@gmail.com', NULL, '$2y$10$4GcB1A1gw5scC4B3vTCjL.zQCvbFAiPxX4kXnqRs2z5LSA52uB7Vm', 1, NULL, '2019-12-09 13:52:15', '2019-12-12 11:30:22'),
(15, 'Abdul Hafeez', '+233206858751', 'conxtantyn@gmail.com', NULL, '$2y$10$ZEbbKLXfTiOLn3/h3BNjKuf6iwsxdWhHwZ1qyc.IHC/5LCDhEG6Ny', 1, NULL, '2019-12-09 14:02:58', '2019-12-09 14:04:43'),
(16, 'Emanuel Nosa', '+233206857751', 'conxtantyn@gmail.com', NULL, '$2y$10$yfAfgOGvuSq03QaGyFiV2uUTOW6EwtmAAeWXEgyQpEL2Nnd1eUq76', 1, NULL, '2019-12-09 14:20:37', '2019-12-09 14:21:41'),
(17, 'David Amadi', '+233205858751', 'conxtantyn@gmail.com', NULL, '$2y$10$sF2mHebEyJ6uGML8QSkd3OJ4EmG6WH7ONjT8uUWaW1OByfVPttbEK', 1, NULL, '2019-12-09 14:35:13', '2019-12-09 14:35:56'),
(18, 'Charles Emmy', '+2348135120686', 'conxtantyn@gmail.com', NULL, '$2y$10$SAuJt9uOmTqEke88nnYqSOVp0p.dBpKeUNbLxuleTJ2.RxQh/QSJK', 1, NULL, '2019-12-09 14:59:17', '2019-12-09 15:00:15'),
(19, 'Idoko Junior', '+2347086771965', 'idoko@jobtaska.com', NULL, '$2y$10$Oz.d2OKHw7/V4gBXqCH5kueTlukFtbzF1O2ZIxP18Ix4cLhI2/hOS', 1, NULL, '2019-12-10 05:30:08', '2019-12-10 05:33:58'),
(20, NULL, '+2347037402575', NULL, NULL, NULL, 1, NULL, '2019-12-12 10:52:56', '2019-12-12 10:52:56'),
(21, 'jasper ogbonna', '+2349036016282', 'jasperjayy@gmail.com', NULL, '$2y$10$6qbiYJgvBYIfej3WA8.W5enMm4j96PU8RHKsQPXY9K812zy2G4Lfq', 1, NULL, '2019-12-12 10:55:41', '2019-12-12 10:57:10'),
(22, 'Josh 2Funny', '+2347086771967', 'josh@jobtaska.com', NULL, '$2y$10$4qNxwpmisxvz8X/2QZQbp.AsOn5H1.n4u07hZaAeufDMQ4MSLRWe.', 1, NULL, '2019-12-12 13:17:29', '2019-12-12 13:18:06'),
(23, 'Emmanuel Ogbonna', '+2349090717420', 'eogbonnawork@gmail.com', NULL, '$2y$10$AGoaCb.QY9inZGjnP/BhGOHJVwP7QgVYZZ7MG4U2g7nDZfx62.esq', 1, NULL, '2019-12-12 16:07:51', '2019-12-12 16:09:11'),
(24, NULL, '+2343', NULL, NULL, NULL, 1, NULL, '2019-12-12 18:52:19', '2019-12-12 18:52:19'),
(25, NULL, '+2348', NULL, NULL, NULL, 1, NULL, '2019-12-12 23:09:06', '2019-12-12 23:09:06'),
(26, NULL, '+97100999', NULL, NULL, NULL, 1, NULL, '2019-12-12 23:10:51', '2019-12-12 23:10:51'),
(27, 'John Doe', '+2347086771986', 'john@bloomrydes.con', NULL, '$2y$10$daBzjd7n0a5CoEKs5PlnAu/pRWKzh/4EtAYuDsT.HHrrZkLhvLVz6', 1, NULL, '2019-12-13 01:20:53', '2019-12-13 01:22:07'),
(28, NULL, '+23445', NULL, NULL, NULL, 1, NULL, '2019-12-13 02:16:02', '2019-12-13 02:16:02'),
(29, NULL, '+234413512', NULL, NULL, NULL, 1, NULL, '2019-12-13 02:16:10', '2019-12-13 02:16:10'),
(30, NULL, '+35545', NULL, NULL, NULL, 1, NULL, '2019-12-13 02:37:45', '2019-12-13 02:37:45'),
(31, NULL, '+35541351', NULL, NULL, NULL, 1, NULL, '2019-12-13 02:37:53', '2019-12-13 02:37:53'),
(32, NULL, '+2348069001011', NULL, NULL, NULL, 1, NULL, '2019-12-16 09:36:02', '2019-12-16 09:36:02'),
(33, 'Odia rhema', '+2348169039633', 'odiaur114@gmail.com', NULL, '$2y$10$2oaQjJbFDT6Rw6gv4lTdau7Wwji7WXmJKOx86Ux/VV3h4XjDP9hRa', 1, NULL, '2019-12-16 14:31:45', '2019-12-16 14:32:32'),
(34, NULL, '+234703740275', NULL, NULL, NULL, 1, NULL, '2019-12-17 09:24:10', '2019-12-17 09:24:10'),
(35, NULL, '+2348035134948', NULL, NULL, NULL, 1, NULL, '2019-12-18 19:29:34', '2019-12-18 19:29:34'),
(36, NULL, '+2348087790332', NULL, NULL, NULL, 1, NULL, '2019-12-19 08:23:58', '2019-12-19 08:23:58'),
(37, NULL, '+2349062365541', NULL, NULL, NULL, 1, NULL, '2019-12-19 09:22:47', '2019-12-19 09:22:47'),
(38, NULL, '+96895528101', NULL, NULL, NULL, 1, NULL, '2019-12-19 11:27:09', '2019-12-19 11:27:09'),
(39, 'musa wad', '+2348140719844', 'musa@test.com', NULL, '$2y$10$GD/hr2.B5cZaeFFl7r.LP.ef7ht4e9e5zZlki54X22X784Gj1SkXG', 1, NULL, '2019-12-19 11:30:08', '2019-12-19 11:31:30'),
(40, NULL, '+2347016893737', NULL, NULL, NULL, 1, NULL, '2019-12-19 11:43:40', '2019-12-19 11:43:40'),
(41, NULL, '+23416893737', NULL, NULL, NULL, 1, NULL, '2019-12-19 11:46:48', '2019-12-19 11:46:48'),
(42, 'Elijah Kehinde', '+2349012214331', 'kennygeesilver@gmail.com', NULL, '$2y$10$qZDWconXapNT9BqSR8hgyuPjWvDJxjBqMJHF1SN9QnW6EGUoerBRe', 1, NULL, '2019-12-19 12:04:32', '2019-12-19 12:07:23'),
(43, 'Fredrick Siaisiai', '+2348077819202', 'fredrick.siaisiai@yahoo.com', NULL, '$2y$10$I.hSCINq50v2NhpSXYlyweGjJc9N1oa4qYvNFp/bgBBDfcr5OIN66', 1, NULL, '2019-12-21 18:35:54', '2019-12-21 18:38:02'),
(44, NULL, '+2348122028572', NULL, NULL, NULL, 1, NULL, '2019-12-25 12:14:07', '2019-12-25 12:14:07'),
(45, 'Nneka Jasper', '+2348023567580', 'nekajasper@gmail.com', NULL, '$2y$10$sU4glq87vE8ft/bznFDTTe01neI2.kepkvGpZE2XgJ4Pfvn60aAcq', 1, NULL, '2020-01-06 06:51:22', '2020-01-06 17:08:03');

-- --------------------------------------------------------

--
-- Table structure for table `user_documents`
--

CREATE TABLE `user_documents` (
  `id` bigint(20) UNSIGNED NOT NULL,
  `user_id` int(11) NOT NULL,
  `document_name` varchar(50) COLLATE utf8mb4_unicode_ci NOT NULL,
  `file_loc` varchar(100) COLLATE utf8mb4_unicode_ci NOT NULL,
  `status` tinyint(1) NOT NULL DEFAULT '0',
  `created_at` timestamp NULL DEFAULT NULL,
  `updated_at` timestamp NULL DEFAULT NULL
) ENGINE=InnoDB DEFAULT CHARSET=utf8mb4 COLLATE=utf8mb4_unicode_ci;

--
-- Dumping data for table `user_documents`
--

INSERT INTO `user_documents` (`id`, `user_id`, `document_name`, `file_loc`, `status`, `created_at`, `updated_at`) VALUES
(1, 1, 'avatar', '1575269218.jpg', 1, '2019-12-02 06:46:58', '2019-12-02 06:46:58'),
(2, 1, 'drivers-license', '1575642229.jpg', 1, '2019-12-02 06:47:28', '2019-12-06 14:23:49'),
(3, 10, 'drivers-license', '1576145251.jpg', 1, '2019-12-12 10:07:31', '2019-12-12 10:07:31'),
(4, 10, 'avatar', '1576145297.jpg', 1, '2019-12-12 10:08:17', '2019-12-12 10:08:17'),
(5, 3, 'avatar', '1576146198.jpg', 1, '2019-12-12 10:23:18', '2019-12-12 10:23:18'),
(6, 3, 'drivers-license', '1576146285.jpg', 1, '2019-12-12 10:24:02', '2019-12-12 10:24:45'),
(7, 21, 'drivers-license', '1576148353.jpg', 1, '2019-12-12 10:59:13', '2019-12-12 10:59:13'),
(8, 21, 'avatar', '1576148387.jpg', 1, '2019-12-12 10:59:47', '2019-12-12 10:59:47');

-- --------------------------------------------------------

--
-- Table structure for table `vehicles`
--

CREATE TABLE `vehicles` (
  `id` bigint(20) UNSIGNED NOT NULL,
  `driver_id` int(11) NOT NULL,
  `make` varchar(191) COLLATE utf8mb4_unicode_ci NOT NULL,
  `model` varchar(191) COLLATE utf8mb4_unicode_ci NOT NULL,
  `year` varchar(191) COLLATE utf8mb4_unicode_ci NOT NULL,
  `plate_number` varchar(191) COLLATE utf8mb4_unicode_ci NOT NULL,
  `color` varchar(191) COLLATE utf8mb4_unicode_ci NOT NULL,
  `seats` int(11) NOT NULL,
  `report` varchar(256) COLLATE utf8mb4_unicode_ci NOT NULL,
  `status` int(11) NOT NULL DEFAULT '0',
  `is_default` tinyint(1) NOT NULL DEFAULT '0',
  `created_at` timestamp NULL DEFAULT NULL,
  `updated_at` timestamp NULL DEFAULT NULL
) ENGINE=InnoDB DEFAULT CHARSET=utf8mb4 COLLATE=utf8mb4_unicode_ci;

--
-- Dumping data for table `vehicles`
--

INSERT INTO `vehicles` (`id`, `driver_id`, `make`, `model`, `year`, `plate_number`, `color`, `seats`, `report`, `status`, `is_default`, `created_at`, `updated_at`) VALUES
(1, 1, 'toyota', 'corolla', '2012', 'abc 123 cd', 'black', 3, 'abc123cd_1575269427.jpg', 1, 1, '2019-12-02 06:50:27', '2019-12-02 06:51:12'),
(2, 3, 'toyota', 'camry', '2013', 'rbc123ad', 'white', 3, 'rbc123ad_1576146350.jpg', 1, 1, '2019-12-12 10:25:50', '2019-12-12 10:30:47'),
(3, 21, 'toyota', 'camry', '2014', 'acb 235 yt', 'black', 3, 'acb235yt_1576148493.png', 1, 0, '2019-12-12 11:01:33', '2019-12-12 11:01:33'),
(4, 3, 'bmw', 'e46', '2002', 'yab283bm', 'blue', 3, 'yab283bm_1576158352.jpg', 0, 0, '2019-12-12 13:45:52', '2019-12-12 13:45:52');

--
-- Indexes for dumped tables
--

--
-- Indexes for table `bookings`
--
ALTER TABLE `bookings`
  ADD PRIMARY KEY (`id`);

--
-- Indexes for table `migrations`
--
ALTER TABLE `migrations`
  ADD PRIMARY KEY (`id`);

--
-- Indexes for table `notifications`
--
ALTER TABLE `notifications`
  ADD PRIMARY KEY (`id`);

--
-- Indexes for table `packages`
--
ALTER TABLE `packages`
  ADD PRIMARY KEY (`id`);

--
-- Indexes for table `password_resets`
--
ALTER TABLE `password_resets`
  ADD KEY `password_resets_email_index` (`email`);

--
-- Indexes for table `push_ids`
--
ALTER TABLE `push_ids`
  ADD PRIMARY KEY (`id`);

--
-- Indexes for table `subscriptions`
--
ALTER TABLE `subscriptions`
  ADD PRIMARY KEY (`id`);

--
-- Indexes for table `tokens`
--
ALTER TABLE `tokens`
  ADD PRIMARY KEY (`id`);

--
-- Indexes for table `trips`
--
ALTER TABLE `trips`
  ADD PRIMARY KEY (`id`);

--
-- Indexes for table `trip_ratings`
--
ALTER TABLE `trip_ratings`
  ADD PRIMARY KEY (`id`);

--
-- Indexes for table `trip_requests`
--
ALTER TABLE `trip_requests`
  ADD PRIMARY KEY (`id`);

--
-- Indexes for table `trusted_contacts`
--
ALTER TABLE `trusted_contacts`
  ADD PRIMARY KEY (`id`);

--
-- Indexes for table `users`
--
ALTER TABLE `users`
  ADD PRIMARY KEY (`id`),
  ADD UNIQUE KEY `users_phone_unique` (`phone`);

--
-- Indexes for table `user_documents`
--
ALTER TABLE `user_documents`
  ADD PRIMARY KEY (`id`);

--
-- Indexes for table `vehicles`
--
ALTER TABLE `vehicles`
  ADD PRIMARY KEY (`id`);

--
-- AUTO_INCREMENT for dumped tables
--

--
-- AUTO_INCREMENT for table `bookings`
--
ALTER TABLE `bookings`
  MODIFY `id` bigint(20) UNSIGNED NOT NULL AUTO_INCREMENT, AUTO_INCREMENT=38;
--
-- AUTO_INCREMENT for table `migrations`
--
ALTER TABLE `migrations`
  MODIFY `id` int(10) UNSIGNED NOT NULL AUTO_INCREMENT, AUTO_INCREMENT=68;
--
-- AUTO_INCREMENT for table `notifications`
--
ALTER TABLE `notifications`
  MODIFY `id` bigint(20) UNSIGNED NOT NULL AUTO_INCREMENT;
--
-- AUTO_INCREMENT for table `packages`
--
ALTER TABLE `packages`
  MODIFY `id` bigint(20) UNSIGNED NOT NULL AUTO_INCREMENT, AUTO_INCREMENT=5;
--
-- AUTO_INCREMENT for table `push_ids`
--
ALTER TABLE `push_ids`
  MODIFY `id` bigint(20) UNSIGNED NOT NULL AUTO_INCREMENT, AUTO_INCREMENT=55;
--
-- AUTO_INCREMENT for table `subscriptions`
--
ALTER TABLE `subscriptions`
  MODIFY `id` bigint(20) UNSIGNED NOT NULL AUTO_INCREMENT, AUTO_INCREMENT=5;
--
-- AUTO_INCREMENT for table `tokens`
--
ALTER TABLE `tokens`
  MODIFY `id` bigint(20) UNSIGNED NOT NULL AUTO_INCREMENT, AUTO_INCREMENT=207;
--
-- AUTO_INCREMENT for table `trips`
--
ALTER TABLE `trips`
  MODIFY `id` bigint(20) UNSIGNED NOT NULL AUTO_INCREMENT, AUTO_INCREMENT=23;
--
-- AUTO_INCREMENT for table `trip_ratings`
--
ALTER TABLE `trip_ratings`
  MODIFY `id` bigint(20) UNSIGNED NOT NULL AUTO_INCREMENT, AUTO_INCREMENT=10;
--
-- AUTO_INCREMENT for table `trip_requests`
--
ALTER TABLE `trip_requests`
  MODIFY `id` bigint(20) UNSIGNED NOT NULL AUTO_INCREMENT, AUTO_INCREMENT=42;
--
-- AUTO_INCREMENT for table `trusted_contacts`
--
ALTER TABLE `trusted_contacts`
  MODIFY `id` bigint(20) UNSIGNED NOT NULL AUTO_INCREMENT;
--
-- AUTO_INCREMENT for table `users`
--
ALTER TABLE `users`
  MODIFY `id` bigint(20) UNSIGNED NOT NULL AUTO_INCREMENT, AUTO_INCREMENT=46;
--
-- AUTO_INCREMENT for table `user_documents`
--
ALTER TABLE `user_documents`
  MODIFY `id` bigint(20) UNSIGNED NOT NULL AUTO_INCREMENT, AUTO_INCREMENT=9;
--
-- AUTO_INCREMENT for table `vehicles`
--
ALTER TABLE `vehicles`
  MODIFY `id` bigint(20) UNSIGNED NOT NULL AUTO_INCREMENT, AUTO_INCREMENT=5;
/*!40101 SET CHARACTER_SET_CLIENT=@OLD_CHARACTER_SET_CLIENT */;
/*!40101 SET CHARACTER_SET_RESULTS=@OLD_CHARACTER_SET_RESULTS */;
/*!40101 SET COLLATION_CONNECTION=@OLD_COLLATION_CONNECTION */;
